"Respondent.clean","Respondent.ID","Respondent.entry.ID","Region.within.country.clean","Country.clean","World.region.clean","Crop.clean","Crop.type.clean","Score.type","Score","Respondent.entry.label","TotalScore.allInterventions","MeanScore.allInterventions","Country.WB","GDP_per_capita","AgForestryFish_ValueAdded_percentGDP","AllResearchAndDev_percentGPD","EnviroPerformance_score","AgResearchAndDev_PPP2017","Taiwan_imputed_from_China","Exact_latitude","Exact_longitude","Coarse_latitude","Coarse_longitude","BatRichness"
"AB","R1","1","Catalonia","Spain","Europe","Tomato","Vegetable crops","Artificial Roost",1,"R1-1",6,1,"Spain",33493.2225409111,2.6062235563618,1.49362,66.28,634.407802466939,FALSE,41.3851,2.1734,40.2076539840155,-3.70353625253203,35
"AB","R1","1","Catalonia","Spain","Europe","Tomato","Vegetable crops","Agrochemical Reduction",1,"R1-1",6,1,"Spain",33493.2225409111,2.6062235563618,1.49362,66.28,634.407802466939,FALSE,41.3851,2.1734,40.2076539840155,-3.70353625253203,35
"AB","R1","1","Catalonia","Spain","Europe","Tomato","Vegetable crops","Revegetation",1,"R1-1",6,1,"Spain",33493.2225409111,2.6062235563618,1.49362,66.28,634.407802466939,FALSE,41.3851,2.1734,40.2076539840155,-3.70353625253203,35
"AB","R1","1","Catalonia","Spain","Europe","Tomato","Vegetable crops","Bat Education",1,"R1-1",6,1,"Spain",33493.2225409111,2.6062235563618,1.49362,66.28,634.407802466939,FALSE,41.3851,2.1734,40.2076539840155,-3.70353625253203,35
"AB","R1","1","Catalonia","Spain","Europe","Tomato","Vegetable crops","Artificial Water Sources",2,"R1-1",6,1,"Spain",33493.2225409111,2.6062235563618,1.49362,66.28,634.407802466939,FALSE,41.3851,2.1734,40.2076539840155,-3.70353625253203,35
"AB","R1","1","Catalonia","Spain","Europe","Tomato","Vegetable crops","Acoustic Bat Lure",0,"R1-1",6,1,"Spain",33493.2225409111,2.6062235563618,1.49362,66.28,634.407802466939,FALSE,41.3851,2.1734,40.2076539840155,-3.70353625253203,35
"AH","R2","1","Free State","South Africa","Africa","Apple","Perennial fruit & forestry crops","Artificial Roost",2,"R2-1",4,0.666666666666667,"South Africa",6034.27208964673,2.53517112309848,0.61479,37.6,243.487133597788,FALSE,-28.2707,29.1324,-28.9742085144411,25.1934382241476,60
"AH","R2","1","Free State","South Africa","Africa","Apple","Perennial fruit & forestry crops","Agrochemical Reduction",0,"R2-1",4,0.666666666666667,"South Africa",6034.27208964673,2.53517112309848,0.61479,37.6,243.487133597788,FALSE,-28.2707,29.1324,-28.9742085144411,25.1934382241476,60
"AH","R2","1","Free State","South Africa","Africa","Apple","Perennial fruit & forestry crops","Revegetation",0,"R2-1",4,0.666666666666667,"South Africa",6034.27208964673,2.53517112309848,0.61479,37.6,243.487133597788,FALSE,-28.2707,29.1324,-28.9742085144411,25.1934382241476,60
"AH","R2","1","Free State","South Africa","Africa","Apple","Perennial fruit & forestry crops","Bat Education",1,"R2-1",4,0.666666666666667,"South Africa",6034.27208964673,2.53517112309848,0.61479,37.6,243.487133597788,FALSE,-28.2707,29.1324,-28.9742085144411,25.1934382241476,60
"AH","R2","1","Free State","South Africa","Africa","Apple","Perennial fruit & forestry crops","Artificial Water Sources",1,"R2-1",4,0.666666666666667,"South Africa",6034.27208964673,2.53517112309848,0.61479,37.6,243.487133597788,FALSE,-28.2707,29.1324,-28.9742085144411,25.1934382241476,60
"AH","R2","1","Free State","South Africa","Africa","Apple","Perennial fruit & forestry crops","Acoustic Bat Lure",0,"R2-1",4,0.666666666666667,"South Africa",6034.27208964673,2.53517112309848,0.61479,37.6,243.487133597788,FALSE,-28.2707,29.1324,-28.9742085144411,25.1934382241476,60
"AMS","R3","1","Santiago Metropolitan region","Chile","Latin America / Caribbean","Vineyard","Vineyard","Artificial Roost",1,"R3-1",1,0.166666666666667,"Chile",17081.5180740049,3.39083152306151,0.39205,50.95,209.087519152913,FALSE,-33.4489,-70.6693,-36.0762465539059,-71.0561908549587,17
"AMS","R3","1","Santiago Metropolitan region","Chile","Latin America / Caribbean","Vineyard","Vineyard","Agrochemical Reduction",0,"R3-1",1,0.166666666666667,"Chile",17081.5180740049,3.39083152306151,0.39205,50.95,209.087519152913,FALSE,-33.4489,-70.6693,-36.0762465539059,-71.0561908549587,17
"AMS","R3","1","Santiago Metropolitan region","Chile","Latin America / Caribbean","Vineyard","Vineyard","Revegetation",0,"R3-1",1,0.166666666666667,"Chile",17081.5180740049,3.39083152306151,0.39205,50.95,209.087519152913,FALSE,-33.4489,-70.6693,-36.0762465539059,-71.0561908549587,17
"AMS","R3","1","Santiago Metropolitan region","Chile","Latin America / Caribbean","Vineyard","Vineyard","Bat Education",0,"R3-1",1,0.166666666666667,"Chile",17081.5180740049,3.39083152306151,0.39205,50.95,209.087519152913,FALSE,-33.4489,-70.6693,-36.0762465539059,-71.0561908549587,17
"AMS","R3","1","Santiago Metropolitan region","Chile","Latin America / Caribbean","Vineyard","Vineyard","Artificial Water Sources",0,"R3-1",1,0.166666666666667,"Chile",17081.5180740049,3.39083152306151,0.39205,50.95,209.087519152913,FALSE,-33.4489,-70.6693,-36.0762465539059,-71.0561908549587,17
"AMS","R3","1","Santiago Metropolitan region","Chile","Latin America / Caribbean","Vineyard","Vineyard","Acoustic Bat Lure",0,"R3-1",1,0.166666666666667,"Chile",17081.5180740049,3.39083152306151,0.39205,50.95,209.087519152913,FALSE,-33.4489,-70.6693,-36.0762465539059,-71.0561908549587,17
"AR","R4","1","Queensland","Australia","Australasia / Pacific","Multi- grain & vegetable","Pasture & mixed cropping","Artificial Roost",1,"R4-1",4,0.666666666666667,"Australia",65058.3773146674,2.57169831894523,1.85783,59.4,670.612655136355,FALSE,-27.5588,152.2782,-25.7641815523079,134.303829123934,81
"AR","R4","1","Queensland","Australia","Australasia / Pacific","Multi- grain & vegetable","Pasture & mixed cropping","Agrochemical Reduction",0,"R4-1",4,0.666666666666667,"Australia",65058.3773146674,2.57169831894523,1.85783,59.4,670.612655136355,FALSE,-27.5588,152.2782,-25.7641815523079,134.303829123934,81
"AR","R4","1","Queensland","Australia","Australasia / Pacific","Multi- grain & vegetable","Pasture & mixed cropping","Revegetation",1,"R4-1",4,0.666666666666667,"Australia",65058.3773146674,2.57169831894523,1.85783,59.4,670.612655136355,FALSE,-27.5588,152.2782,-25.7641815523079,134.303829123934,81
"AR","R4","1","Queensland","Australia","Australasia / Pacific","Multi- grain & vegetable","Pasture & mixed cropping","Bat Education",1,"R4-1",4,0.666666666666667,"Australia",65058.3773146674,2.57169831894523,1.85783,59.4,670.612655136355,FALSE,-27.5588,152.2782,-25.7641815523079,134.303829123934,81
"AR","R4","1","Queensland","Australia","Australasia / Pacific","Multi- grain & vegetable","Pasture & mixed cropping","Artificial Water Sources",0,"R4-1",4,0.666666666666667,"Australia",65058.3773146674,2.57169831894523,1.85783,59.4,670.612655136355,FALSE,-27.5588,152.2782,-25.7641815523079,134.303829123934,81
"AR","R4","1","Queensland","Australia","Australasia / Pacific","Multi- grain & vegetable","Pasture & mixed cropping","Acoustic Bat Lure",1,"R4-1",4,0.666666666666667,"Australia",65058.3773146674,2.57169831894523,1.85783,59.4,670.612655136355,FALSE,-27.5588,152.2782,-25.7641815523079,134.303829123934,81
"AM","R5","1","North-east Eswatini","Eswatini","Africa","Sugar cane","Field crops","Artificial Roost",0,"R5-1",1,0.166666666666667,"Eswatini",3755.52111232464,6.63100879033993,NA,34.41,5.9772027475622,FALSE,-26.1667,31.9333,-26.5575464893393,31.4818696110519,32
"AM","R5","1","North-east Eswatini","Eswatini","Africa","Sugar cane","Field crops","Agrochemical Reduction",0,"R5-1",1,0.166666666666667,"Eswatini",3755.52111232464,6.63100879033993,NA,34.41,5.9772027475622,FALSE,-26.1667,31.9333,-26.5575464893393,31.4818696110519,32
"AM","R5","1","North-east Eswatini","Eswatini","Africa","Sugar cane","Field crops","Revegetation",0,"R5-1",1,0.166666666666667,"Eswatini",3755.52111232464,6.63100879033993,NA,34.41,5.9772027475622,FALSE,-26.1667,31.9333,-26.5575464893393,31.4818696110519,32
"AM","R5","1","North-east Eswatini","Eswatini","Africa","Sugar cane","Field crops","Bat Education",1,"R5-1",1,0.166666666666667,"Eswatini",3755.52111232464,6.63100879033993,NA,34.41,5.9772027475622,FALSE,-26.1667,31.9333,-26.5575464893393,31.4818696110519,32
"AM","R5","1","North-east Eswatini","Eswatini","Africa","Sugar cane","Field crops","Artificial Water Sources",0,"R5-1",1,0.166666666666667,"Eswatini",3755.52111232464,6.63100879033993,NA,34.41,5.9772027475622,FALSE,-26.1667,31.9333,-26.5575464893393,31.4818696110519,32
"AM","R5","1","North-east Eswatini","Eswatini","Africa","Sugar cane","Field crops","Acoustic Bat Lure",0,"R5-1",1,0.166666666666667,"Eswatini",3755.52111232464,6.63100879033993,NA,34.41,5.9772027475622,FALSE,-26.1667,31.9333,-26.5575464893393,31.4818696110519,32
"BM","R6","1","New Jersey","USA","North America","Multi- fruit & orchard","Perennial fruit & forestry crops","Artificial Roost",1,"R6-1",4,0.666666666666667,"United States",82586.7847707894,0.942961672907101,3.44716,58.54,5113.96640319801,FALSE,40.6961929,-74.335573,44.7437315908213,-103.629562809744,46
"BM","R6","1","New Jersey","USA","North America","Multi- fruit & orchard","Perennial fruit & forestry crops","Agrochemical Reduction",1,"R6-1",4,0.666666666666667,"United States",82586.7847707894,0.942961672907101,3.44716,58.54,5113.96640319801,FALSE,40.6961929,-74.335573,44.7437315908213,-103.629562809744,46
"BM","R6","1","New Jersey","USA","North America","Multi- fruit & orchard","Perennial fruit & forestry crops","Revegetation",0,"R6-1",4,0.666666666666667,"United States",82586.7847707894,0.942961672907101,3.44716,58.54,5113.96640319801,FALSE,40.6961929,-74.335573,44.7437315908213,-103.629562809744,46
"BM","R6","1","New Jersey","USA","North America","Multi- fruit & orchard","Perennial fruit & forestry crops","Bat Education",2,"R6-1",4,0.666666666666667,"United States",82586.7847707894,0.942961672907101,3.44716,58.54,5113.96640319801,FALSE,40.6961929,-74.335573,44.7437315908213,-103.629562809744,46
"BM","R6","1","New Jersey","USA","North America","Multi- fruit & orchard","Perennial fruit & forestry crops","Artificial Water Sources",0,"R6-1",4,0.666666666666667,"United States",82586.7847707894,0.942961672907101,3.44716,58.54,5113.96640319801,FALSE,40.6961929,-74.335573,44.7437315908213,-103.629562809744,46
"BM","R6","1","New Jersey","USA","North America","Multi- fruit & orchard","Perennial fruit & forestry crops","Acoustic Bat Lure",0,"R6-1",4,0.666666666666667,"United States",82586.7847707894,0.942961672907101,3.44716,58.54,5113.96640319801,FALSE,40.6961929,-74.335573,44.7437315908213,-103.629562809744,46
"CT","R7","2","Multi-region: Catalonia & Aragon","Spain","Europe","Rice","Grain crops","Artificial Roost",3,"R7-2",7,1.16666666666667,"Spain",33493.2225409111,2.6062235563618,1.49362,66.28,634.407802466939,FALSE,40.7189,0.7079,40.2076539840155,-3.70353625253203,35
"CT","R7","2","Multi-region: Catalonia & Aragon","Spain","Europe","Rice","Grain crops","Agrochemical Reduction",1,"R7-2",7,1.16666666666667,"Spain",33493.2225409111,2.6062235563618,1.49362,66.28,634.407802466939,FALSE,40.7189,0.7079,40.2076539840155,-3.70353625253203,35
"CT","R7","2","Multi-region: Catalonia & Aragon","Spain","Europe","Rice","Grain crops","Revegetation",0,"R7-2",7,1.16666666666667,"Spain",33493.2225409111,2.6062235563618,1.49362,66.28,634.407802466939,FALSE,40.7189,0.7079,40.2076539840155,-3.70353625253203,35
"CT","R7","2","Multi-region: Catalonia & Aragon","Spain","Europe","Rice","Grain crops","Bat Education",1,"R7-2",7,1.16666666666667,"Spain",33493.2225409111,2.6062235563618,1.49362,66.28,634.407802466939,FALSE,40.7189,0.7079,40.2076539840155,-3.70353625253203,35
"CT","R7","2","Multi-region: Catalonia & Aragon","Spain","Europe","Rice","Grain crops","Artificial Water Sources",2,"R7-2",7,1.16666666666667,"Spain",33493.2225409111,2.6062235563618,1.49362,66.28,634.407802466939,FALSE,40.7189,0.7079,40.2076539840155,-3.70353625253203,35
"CT","R7","2","Multi-region: Catalonia & Aragon","Spain","Europe","Rice","Grain crops","Acoustic Bat Lure",0,"R7-2",7,1.16666666666667,"Spain",33493.2225409111,2.6062235563618,1.49362,66.28,634.407802466939,FALSE,40.7189,0.7079,40.2076539840155,-3.70353625253203,35
"CT","R7","1","Multi-region: DIANA & Vatovavy-Fitovinany regions","Madagascar","Africa","Rice","Grain crops","Artificial Roost",1,"R7-1",2,0.333333333333333,"Madagascar",514.064076551927,22.2232371808595,NA,31.13,9.62605082877935,FALSE,-12.2787,49.2917,-19.3164836985713,46.7428900543881,47
"CT","R7","1","Multi-region: DIANA & Vatovavy-Fitovinany regions","Madagascar","Africa","Rice","Grain crops","Agrochemical Reduction",0,"R7-1",2,0.333333333333333,"Madagascar",514.064076551927,22.2232371808595,NA,31.13,9.62605082877935,FALSE,-12.2787,49.2917,-19.3164836985713,46.7428900543881,47
"CT","R7","1","Multi-region: DIANA & Vatovavy-Fitovinany regions","Madagascar","Africa","Rice","Grain crops","Revegetation",0,"R7-1",2,0.333333333333333,"Madagascar",514.064076551927,22.2232371808595,NA,31.13,9.62605082877935,FALSE,-12.2787,49.2917,-19.3164836985713,46.7428900543881,47
"CT","R7","1","Multi-region: DIANA & Vatovavy-Fitovinany regions","Madagascar","Africa","Rice","Grain crops","Bat Education",1,"R7-1",2,0.333333333333333,"Madagascar",514.064076551927,22.2232371808595,NA,31.13,9.62605082877935,FALSE,-12.2787,49.2917,-19.3164836985713,46.7428900543881,47
"CT","R7","1","Multi-region: DIANA & Vatovavy-Fitovinany regions","Madagascar","Africa","Rice","Grain crops","Artificial Water Sources",0,"R7-1",2,0.333333333333333,"Madagascar",514.064076551927,22.2232371808595,NA,31.13,9.62605082877935,FALSE,-12.2787,49.2917,-19.3164836985713,46.7428900543881,47
"CT","R7","1","Multi-region: DIANA & Vatovavy-Fitovinany regions","Madagascar","Africa","Rice","Grain crops","Acoustic Bat Lure",0,"R7-1",2,0.333333333333333,"Madagascar",514.064076551927,22.2232371808595,NA,31.13,9.62605082877935,FALSE,-12.2787,49.2917,-19.3164836985713,46.7428900543881,47
"CK","R8","9","Jerusalem District","Israel","Middle East / Western Asia","Olive groves","Perennial fruit & forestry crops","Artificial Roost",0,"R8-9",1,0.166666666666667,"Israel",52126.4489280033,1.39228590650126,6.34589,51.69,155.112689890399,FALSE,31.7457,34.9925,31.4329786422529,34.9911381968011,30
"CK","R8","9","Jerusalem District","Israel","Middle East / Western Asia","Olive groves","Perennial fruit & forestry crops","Agrochemical Reduction",1,"R8-9",1,0.166666666666667,"Israel",52126.4489280033,1.39228590650126,6.34589,51.69,155.112689890399,FALSE,31.7457,34.9925,31.4329786422529,34.9911381968011,30
"CK","R8","9","Jerusalem District","Israel","Middle East / Western Asia","Olive groves","Perennial fruit & forestry crops","Revegetation",0,"R8-9",1,0.166666666666667,"Israel",52126.4489280033,1.39228590650126,6.34589,51.69,155.112689890399,FALSE,31.7457,34.9925,31.4329786422529,34.9911381968011,30
"CK","R8","9","Jerusalem District","Israel","Middle East / Western Asia","Olive groves","Perennial fruit & forestry crops","Bat Education",0,"R8-9",1,0.166666666666667,"Israel",52126.4489280033,1.39228590650126,6.34589,51.69,155.112689890399,FALSE,31.7457,34.9925,31.4329786422529,34.9911381968011,30
"CK","R8","9","Jerusalem District","Israel","Middle East / Western Asia","Olive groves","Perennial fruit & forestry crops","Artificial Water Sources",0,"R8-9",1,0.166666666666667,"Israel",52126.4489280033,1.39228590650126,6.34589,51.69,155.112689890399,FALSE,31.7457,34.9925,31.4329786422529,34.9911381968011,30
"CK","R8","9","Jerusalem District","Israel","Middle East / Western Asia","Olive groves","Perennial fruit & forestry crops","Acoustic Bat Lure",0,"R8-9",1,0.166666666666667,"Israel",52126.4489280033,1.39228590650126,6.34589,51.69,155.112689890399,FALSE,31.7457,34.9925,31.4329786422529,34.9911381968011,30
"CK","R8","1","Southern Distict","Israel","Middle East / Western Asia","Date palms","Perennial fruit & forestry crops","Artificial Roost",1,"R8-1",9,1.5,"Israel",52126.4489280033,1.39228590650126,6.34589,51.69,155.112689890399,FALSE,31.253,34.7915,31.4329786422529,34.9911381968011,30
"CK","R8","1","Southern Distict","Israel","Middle East / Western Asia","Date palms","Perennial fruit & forestry crops","Agrochemical Reduction",2,"R8-1",9,1.5,"Israel",52126.4489280033,1.39228590650126,6.34589,51.69,155.112689890399,FALSE,31.253,34.7915,31.4329786422529,34.9911381968011,30
"CK","R8","1","Southern Distict","Israel","Middle East / Western Asia","Date palms","Perennial fruit & forestry crops","Revegetation",2,"R8-1",9,1.5,"Israel",52126.4489280033,1.39228590650126,6.34589,51.69,155.112689890399,FALSE,31.253,34.7915,31.4329786422529,34.9911381968011,30
"CK","R8","1","Southern Distict","Israel","Middle East / Western Asia","Date palms","Perennial fruit & forestry crops","Bat Education",2,"R8-1",9,1.5,"Israel",52126.4489280033,1.39228590650126,6.34589,51.69,155.112689890399,FALSE,31.253,34.7915,31.4329786422529,34.9911381968011,30
"CK","R8","1","Southern Distict","Israel","Middle East / Western Asia","Date palms","Perennial fruit & forestry crops","Artificial Water Sources",2,"R8-1",9,1.5,"Israel",52126.4489280033,1.39228590650126,6.34589,51.69,155.112689890399,FALSE,31.253,34.7915,31.4329786422529,34.9911381968011,30
"CK","R8","1","Southern Distict","Israel","Middle East / Western Asia","Date palms","Perennial fruit & forestry crops","Acoustic Bat Lure",0,"R8-1",9,1.5,"Israel",52126.4489280033,1.39228590650126,6.34589,51.69,155.112689890399,FALSE,31.253,34.7915,31.4329786422529,34.9911381968011,30
"CK","R8","4 & 18","Northern & Southern Districts","Israel","Middle East / Western Asia","Apple","Perennial fruit & forestry crops","Artificial Roost",0,"R8-4 & 18",3,0.5,"Israel",52126.4489280033,1.39228590650126,6.34589,51.69,155.112689890399,FALSE,NA,NA,31.4329786422529,34.9911381968011,30
"CK","R8","4 & 18","Northern & Southern Districts","Israel","Middle East / Western Asia","Apple","Perennial fruit & forestry crops","Agrochemical Reduction",2,"R8-4 & 18",3,0.5,"Israel",52126.4489280033,1.39228590650126,6.34589,51.69,155.112689890399,FALSE,NA,NA,31.4329786422529,34.9911381968011,30
"CK","R8","4 & 18","Northern & Southern Districts","Israel","Middle East / Western Asia","Apple","Perennial fruit & forestry crops","Revegetation",0,"R8-4 & 18",3,0.5,"Israel",52126.4489280033,1.39228590650126,6.34589,51.69,155.112689890399,FALSE,NA,NA,31.4329786422529,34.9911381968011,30
"CK","R8","4 & 18","Northern & Southern Districts","Israel","Middle East / Western Asia","Apple","Perennial fruit & forestry crops","Bat Education",1,"R8-4 & 18",3,0.5,"Israel",52126.4489280033,1.39228590650126,6.34589,51.69,155.112689890399,FALSE,NA,NA,31.4329786422529,34.9911381968011,30
"CK","R8","4 & 18","Northern & Southern Districts","Israel","Middle East / Western Asia","Apple","Perennial fruit & forestry crops","Artificial Water Sources",0,"R8-4 & 18",3,0.5,"Israel",52126.4489280033,1.39228590650126,6.34589,51.69,155.112689890399,FALSE,NA,NA,31.4329786422529,34.9911381968011,30
"CK","R8","4 & 18","Northern & Southern Districts","Israel","Middle East / Western Asia","Apple","Perennial fruit & forestry crops","Acoustic Bat Lure",0,"R8-4 & 18",3,0.5,"Israel",52126.4489280033,1.39228590650126,6.34589,51.69,155.112689890399,FALSE,NA,NA,31.4329786422529,34.9911381968011,30
"CK","R8","5 & 20","Haifa & Central Districts","Israel","Middle East / Western Asia","Cotton","Field crops","Artificial Roost",1,"R8-5 & 20",2,0.333333333333333,"Israel",52126.4489280033,1.39228590650126,6.34589,51.69,155.112689890399,FALSE,NA,NA,31.4329786422529,34.9911381968011,30
"CK","R8","5 & 20","Haifa & Central Districts","Israel","Middle East / Western Asia","Cotton","Field crops","Agrochemical Reduction",0,"R8-5 & 20",2,0.333333333333333,"Israel",52126.4489280033,1.39228590650126,6.34589,51.69,155.112689890399,FALSE,NA,NA,31.4329786422529,34.9911381968011,30
"CK","R8","5 & 20","Haifa & Central Districts","Israel","Middle East / Western Asia","Cotton","Field crops","Revegetation",0,"R8-5 & 20",2,0.333333333333333,"Israel",52126.4489280033,1.39228590650126,6.34589,51.69,155.112689890399,FALSE,NA,NA,31.4329786422529,34.9911381968011,30
"CK","R8","5 & 20","Haifa & Central Districts","Israel","Middle East / Western Asia","Cotton","Field crops","Bat Education",1,"R8-5 & 20",2,0.333333333333333,"Israel",52126.4489280033,1.39228590650126,6.34589,51.69,155.112689890399,FALSE,NA,NA,31.4329786422529,34.9911381968011,30
"CK","R8","5 & 20","Haifa & Central Districts","Israel","Middle East / Western Asia","Cotton","Field crops","Artificial Water Sources",0,"R8-5 & 20",2,0.333333333333333,"Israel",52126.4489280033,1.39228590650126,6.34589,51.69,155.112689890399,FALSE,NA,NA,31.4329786422529,34.9911381968011,30
"CK","R8","5 & 20","Haifa & Central Districts","Israel","Middle East / Western Asia","Cotton","Field crops","Acoustic Bat Lure",0,"R8-5 & 20",2,0.333333333333333,"Israel",52126.4489280033,1.39228590650126,6.34589,51.69,155.112689890399,FALSE,NA,NA,31.4329786422529,34.9911381968011,30
"CK","R8","6, 7 & 8","Unspecified - Vineyard research in both Haifa & Jeruselum Districts","Israel","Middle East / Western Asia","Vineyard","Vineyard","Artificial Roost",0,"R8-6, 7 & 8",11,0.647058823529412,"Israel",52126.4489280033,1.39228590650126,6.34589,51.69,155.112689890399,FALSE,NA,NA,31.4329786422529,34.9911381968011,30
"CK","R8","6, 7 & 8","Unspecified - Vineyard research in both Haifa & Jeruselum Districts","Israel","Middle East / Western Asia","Vineyard","Vineyard","Agrochemical Reduction",1,"R8-6, 7 & 8",11,0.647058823529412,"Israel",52126.4489280033,1.39228590650126,6.34589,51.69,155.112689890399,FALSE,NA,NA,31.4329786422529,34.9911381968011,30
"CK","R8","6, 7 & 8","Unspecified - Vineyard research in both Haifa & Jeruselum Districts","Israel","Middle East / Western Asia","Vineyard","Vineyard","Revegetation",0,"R8-6, 7 & 8",11,0.647058823529412,"Israel",52126.4489280033,1.39228590650126,6.34589,51.69,155.112689890399,FALSE,NA,NA,31.4329786422529,34.9911381968011,30
"CK","R8","6, 7 & 8","Unspecified - Vineyard research in both Haifa & Jeruselum Districts","Israel","Middle East / Western Asia","Vineyard","Vineyard","Bat Education",1,"R8-6, 7 & 8",11,0.647058823529412,"Israel",52126.4489280033,1.39228590650126,6.34589,51.69,155.112689890399,FALSE,NA,NA,31.4329786422529,34.9911381968011,30
"CK","R8","6, 7 & 8","Unspecified - Vineyard research in both Haifa & Jeruselum Districts","Israel","Middle East / Western Asia","Vineyard","Vineyard","Artificial Water Sources",0,"R8-6, 7 & 8",11,0.647058823529412,"Israel",52126.4489280033,1.39228590650126,6.34589,51.69,155.112689890399,FALSE,NA,NA,31.4329786422529,34.9911381968011,30
"CK","R8","6, 7 & 8","Unspecified - Vineyard research in both Haifa & Jeruselum Districts","Israel","Middle East / Western Asia","Vineyard","Vineyard","Acoustic Bat Lure",2,"R8-6, 7 & 8",11,0.647058823529412,"Israel",52126.4489280033,1.39228590650126,6.34589,51.69,155.112689890399,FALSE,NA,NA,31.4329786422529,34.9911381968011,30
"CK","R8","6, 7 & 8","Unspecified - Vineyard research in both Haifa & Jeruselum Districts","Israel","Middle East / Western Asia","Vineyard","Vineyard","Artificial Roost",0,"R8-6, 7 & 8",11,0.647058823529412,"Israel",52126.4489280033,1.39228590650126,6.34589,51.69,155.112689890399,FALSE,NA,NA,31.4329786422529,34.9911381968011,30
"CK","R8","6, 7 & 8","Unspecified - Vineyard research in both Haifa & Jeruselum Districts","Israel","Middle East / Western Asia","Vineyard","Vineyard","Agrochemical Reduction",1,"R8-6, 7 & 8",11,0.647058823529412,"Israel",52126.4489280033,1.39228590650126,6.34589,51.69,155.112689890399,FALSE,NA,NA,31.4329786422529,34.9911381968011,30
"CK","R8","6, 7 & 8","Unspecified - Vineyard research in both Haifa & Jeruselum Districts","Israel","Middle East / Western Asia","Vineyard","Vineyard","Revegetation",0,"R8-6, 7 & 8",11,0.647058823529412,"Israel",52126.4489280033,1.39228590650126,6.34589,51.69,155.112689890399,FALSE,NA,NA,31.4329786422529,34.9911381968011,30
"CK","R8","6, 7 & 8","Unspecified - Vineyard research in both Haifa & Jeruselum Districts","Israel","Middle East / Western Asia","Vineyard","Vineyard","Bat Education",1,"R8-6, 7 & 8",11,0.647058823529412,"Israel",52126.4489280033,1.39228590650126,6.34589,51.69,155.112689890399,FALSE,NA,NA,31.4329786422529,34.9911381968011,30
"CK","R8","6, 7 & 8","Unspecified - Vineyard research in both Haifa & Jeruselum Districts","Israel","Middle East / Western Asia","Vineyard","Vineyard","Artificial Water Sources",0,"R8-6, 7 & 8",11,0.647058823529412,"Israel",52126.4489280033,1.39228590650126,6.34589,51.69,155.112689890399,FALSE,NA,NA,31.4329786422529,34.9911381968011,30
"CK","R8","6, 7 & 8","Unspecified - Vineyard research in both Haifa & Jeruselum Districts","Israel","Middle East / Western Asia","Vineyard","Vineyard","Acoustic Bat Lure",2,"R8-6, 7 & 8",11,0.647058823529412,"Israel",52126.4489280033,1.39228590650126,6.34589,51.69,155.112689890399,FALSE,NA,NA,31.4329786422529,34.9911381968011,30
"CK","R8","21","Southern Distict","Israel","Middle East / Western Asia","Pumpkin","Vegetable crops","Artificial Roost",0,"R8-21",3,0.5,"Israel",52126.4489280033,1.39228590650126,6.34589,51.69,155.112689890399,FALSE,31.253,34.7915,31.4329786422529,34.9911381968011,30
"CK","R8","21","Southern Distict","Israel","Middle East / Western Asia","Pumpkin","Vegetable crops","Agrochemical Reduction",0,"R8-21",3,0.5,"Israel",52126.4489280033,1.39228590650126,6.34589,51.69,155.112689890399,FALSE,31.253,34.7915,31.4329786422529,34.9911381968011,30
"CK","R8","21","Southern Distict","Israel","Middle East / Western Asia","Pumpkin","Vegetable crops","Revegetation",0,"R8-21",3,0.5,"Israel",52126.4489280033,1.39228590650126,6.34589,51.69,155.112689890399,FALSE,31.253,34.7915,31.4329786422529,34.9911381968011,30
"CK","R8","21","Southern Distict","Israel","Middle East / Western Asia","Pumpkin","Vegetable crops","Bat Education",1,"R8-21",3,0.5,"Israel",52126.4489280033,1.39228590650126,6.34589,51.69,155.112689890399,FALSE,31.253,34.7915,31.4329786422529,34.9911381968011,30
"CK","R8","21","Southern Distict","Israel","Middle East / Western Asia","Pumpkin","Vegetable crops","Artificial Water Sources",0,"R8-21",3,0.5,"Israel",52126.4489280033,1.39228590650126,6.34589,51.69,155.112689890399,FALSE,31.253,34.7915,31.4329786422529,34.9911381968011,30
"CK","R8","21","Southern Distict","Israel","Middle East / Western Asia","Pumpkin","Vegetable crops","Acoustic Bat Lure",2,"R8-21",3,0.5,"Israel",52126.4489280033,1.39228590650126,6.34589,51.69,155.112689890399,FALSE,31.253,34.7915,31.4329786422529,34.9911381968011,30
"CK","R8","2","Southern Distict","Israel","Middle East / Western Asia","Onion","Vegetable crops","Artificial Roost",0,"R8-2",3,0.5,"Israel",52126.4489280033,1.39228590650126,6.34589,51.69,155.112689890399,FALSE,31.253,34.7915,31.4329786422529,34.9911381968011,30
"CK","R8","2","Southern Distict","Israel","Middle East / Western Asia","Onion","Vegetable crops","Agrochemical Reduction",0,"R8-2",3,0.5,"Israel",52126.4489280033,1.39228590650126,6.34589,51.69,155.112689890399,FALSE,31.253,34.7915,31.4329786422529,34.9911381968011,30
"CK","R8","2","Southern Distict","Israel","Middle East / Western Asia","Onion","Vegetable crops","Revegetation",0,"R8-2",3,0.5,"Israel",52126.4489280033,1.39228590650126,6.34589,51.69,155.112689890399,FALSE,31.253,34.7915,31.4329786422529,34.9911381968011,30
"CK","R8","2","Southern Distict","Israel","Middle East / Western Asia","Onion","Vegetable crops","Bat Education",1,"R8-2",3,0.5,"Israel",52126.4489280033,1.39228590650126,6.34589,51.69,155.112689890399,FALSE,31.253,34.7915,31.4329786422529,34.9911381968011,30
"CK","R8","2","Southern Distict","Israel","Middle East / Western Asia","Onion","Vegetable crops","Artificial Water Sources",0,"R8-2",3,0.5,"Israel",52126.4489280033,1.39228590650126,6.34589,51.69,155.112689890399,FALSE,31.253,34.7915,31.4329786422529,34.9911381968011,30
"CK","R8","2","Southern Distict","Israel","Middle East / Western Asia","Onion","Vegetable crops","Acoustic Bat Lure",2,"R8-2",3,0.5,"Israel",52126.4489280033,1.39228590650126,6.34589,51.69,155.112689890399,FALSE,31.253,34.7915,31.4329786422529,34.9911381968011,30
"CK","R8","16","UnspCentral Districts","Israel","Middle East / Western Asia","Watermelon","Vegetable crops","Artificial Roost",0,"R8-16",3,0.5,"Israel",52126.4489280033,1.39228590650126,6.34589,51.69,155.112689890399,FALSE,31.9286,34.871,31.4329786422529,34.9911381968011,30
"CK","R8","16","UnspCentral Districts","Israel","Middle East / Western Asia","Watermelon","Vegetable crops","Agrochemical Reduction",0,"R8-16",3,0.5,"Israel",52126.4489280033,1.39228590650126,6.34589,51.69,155.112689890399,FALSE,31.9286,34.871,31.4329786422529,34.9911381968011,30
"CK","R8","16","UnspCentral Districts","Israel","Middle East / Western Asia","Watermelon","Vegetable crops","Revegetation",0,"R8-16",3,0.5,"Israel",52126.4489280033,1.39228590650126,6.34589,51.69,155.112689890399,FALSE,31.9286,34.871,31.4329786422529,34.9911381968011,30
"CK","R8","16","UnspCentral Districts","Israel","Middle East / Western Asia","Watermelon","Vegetable crops","Bat Education",1,"R8-16",3,0.5,"Israel",52126.4489280033,1.39228590650126,6.34589,51.69,155.112689890399,FALSE,31.9286,34.871,31.4329786422529,34.9911381968011,30
"CK","R8","16","UnspCentral Districts","Israel","Middle East / Western Asia","Watermelon","Vegetable crops","Artificial Water Sources",0,"R8-16",3,0.5,"Israel",52126.4489280033,1.39228590650126,6.34589,51.69,155.112689890399,FALSE,31.9286,34.871,31.4329786422529,34.9911381968011,30
"CK","R8","16","UnspCentral Districts","Israel","Middle East / Western Asia","Watermelon","Vegetable crops","Acoustic Bat Lure",2,"R8-16",3,0.5,"Israel",52126.4489280033,1.39228590650126,6.34589,51.69,155.112689890399,FALSE,31.9286,34.871,31.4329786422529,34.9911381968011,30
"CK","R8","3","Southern Distict","Israel","Middle East / Western Asia","Melon","Vegetable crops","Artificial Roost",0,"R8-3",5,0.833333333333333,"Israel",52126.4489280033,1.39228590650126,6.34589,51.69,155.112689890399,FALSE,31.253,34.7915,31.4329786422529,34.9911381968011,30
"CK","R8","3","Southern Distict","Israel","Middle East / Western Asia","Melon","Vegetable crops","Agrochemical Reduction",0,"R8-3",5,0.833333333333333,"Israel",52126.4489280033,1.39228590650126,6.34589,51.69,155.112689890399,FALSE,31.253,34.7915,31.4329786422529,34.9911381968011,30
"CK","R8","3","Southern Distict","Israel","Middle East / Western Asia","Melon","Vegetable crops","Revegetation",2,"R8-3",5,0.833333333333333,"Israel",52126.4489280033,1.39228590650126,6.34589,51.69,155.112689890399,FALSE,31.253,34.7915,31.4329786422529,34.9911381968011,30
"CK","R8","3","Southern Distict","Israel","Middle East / Western Asia","Melon","Vegetable crops","Bat Education",1,"R8-3",5,0.833333333333333,"Israel",52126.4489280033,1.39228590650126,6.34589,51.69,155.112689890399,FALSE,31.253,34.7915,31.4329786422529,34.9911381968011,30
"CK","R8","3","Southern Distict","Israel","Middle East / Western Asia","Melon","Vegetable crops","Artificial Water Sources",0,"R8-3",5,0.833333333333333,"Israel",52126.4489280033,1.39228590650126,6.34589,51.69,155.112689890399,FALSE,31.253,34.7915,31.4329786422529,34.9911381968011,30
"CK","R8","3","Southern Distict","Israel","Middle East / Western Asia","Melon","Vegetable crops","Acoustic Bat Lure",2,"R8-3",5,0.833333333333333,"Israel",52126.4489280033,1.39228590650126,6.34589,51.69,155.112689890399,FALSE,31.253,34.7915,31.4329786422529,34.9911381968011,30
"CK","R8","6, 7 & 8","Unspecified - Vineyard research in both Haifa & Jeruselum Districts","Israel","Middle East / Western Asia","Vineyard","Vineyard","Artificial Roost",0,"R8-6, 7 & 8",11,0.647058823529412,"Israel",52126.4489280033,1.39228590650126,6.34589,51.69,155.112689890399,FALSE,NA,NA,31.4329786422529,34.9911381968011,30
"CK","R8","6, 7 & 8","Unspecified - Vineyard research in both Haifa & Jeruselum Districts","Israel","Middle East / Western Asia","Vineyard","Vineyard","Agrochemical Reduction",2,"R8-6, 7 & 8",11,0.647058823529412,"Israel",52126.4489280033,1.39228590650126,6.34589,51.69,155.112689890399,FALSE,NA,NA,31.4329786422529,34.9911381968011,30
"CK","R8","6, 7 & 8","Unspecified - Vineyard research in both Haifa & Jeruselum Districts","Israel","Middle East / Western Asia","Vineyard","Vineyard","Revegetation",0,"R8-6, 7 & 8",11,0.647058823529412,"Israel",52126.4489280033,1.39228590650126,6.34589,51.69,155.112689890399,FALSE,NA,NA,31.4329786422529,34.9911381968011,30
"CK","R8","6, 7 & 8","Unspecified - Vineyard research in both Haifa & Jeruselum Districts","Israel","Middle East / Western Asia","Vineyard","Vineyard","Bat Education",1,"R8-6, 7 & 8",11,0.647058823529412,"Israel",52126.4489280033,1.39228590650126,6.34589,51.69,155.112689890399,FALSE,NA,NA,31.4329786422529,34.9911381968011,30
"CK","R8","6, 7 & 8","Unspecified - Vineyard research in both Haifa & Jeruselum Districts","Israel","Middle East / Western Asia","Vineyard","Vineyard","Artificial Water Sources",0,"R8-6, 7 & 8",11,0.647058823529412,"Israel",52126.4489280033,1.39228590650126,6.34589,51.69,155.112689890399,FALSE,NA,NA,31.4329786422529,34.9911381968011,30
"CK","R8","6, 7 & 8","Unspecified - Vineyard research in both Haifa & Jeruselum Districts","Israel","Middle East / Western Asia","Vineyard","Vineyard","Acoustic Bat Lure",NA,"R8-6, 7 & 8",11,0.647058823529412,"Israel",52126.4489280033,1.39228590650126,6.34589,51.69,155.112689890399,FALSE,NA,NA,31.4329786422529,34.9911381968011,30
"CS","R9","2","Extremadura","Spain","Europe","Tomato","Vegetable crops","Artificial Roost",3,"R9-2",12,2,"Spain",33493.2225409111,2.6062235563618,1.49362,66.28,634.407802466939,FALSE,38.8794,-6.9707,40.2076539840155,-3.70353625253203,35
"CS","R9","2","Extremadura","Spain","Europe","Tomato","Vegetable crops","Agrochemical Reduction",2,"R9-2",12,2,"Spain",33493.2225409111,2.6062235563618,1.49362,66.28,634.407802466939,FALSE,38.8794,-6.9707,40.2076539840155,-3.70353625253203,35
"CS","R9","2","Extremadura","Spain","Europe","Tomato","Vegetable crops","Revegetation",2,"R9-2",12,2,"Spain",33493.2225409111,2.6062235563618,1.49362,66.28,634.407802466939,FALSE,38.8794,-6.9707,40.2076539840155,-3.70353625253203,35
"CS","R9","2","Extremadura","Spain","Europe","Tomato","Vegetable crops","Bat Education",0,"R9-2",12,2,"Spain",33493.2225409111,2.6062235563618,1.49362,66.28,634.407802466939,FALSE,38.8794,-6.9707,40.2076539840155,-3.70353625253203,35
"CS","R9","2","Extremadura","Spain","Europe","Tomato","Vegetable crops","Artificial Water Sources",2,"R9-2",12,2,"Spain",33493.2225409111,2.6062235563618,1.49362,66.28,634.407802466939,FALSE,38.8794,-6.9707,40.2076539840155,-3.70353625253203,35
"CS","R9","2","Extremadura","Spain","Europe","Tomato","Vegetable crops","Acoustic Bat Lure",3,"R9-2",12,2,"Spain",33493.2225409111,2.6062235563618,1.49362,66.28,634.407802466939,FALSE,38.8794,-6.9707,40.2076539840155,-3.70353625253203,35
"CS","R9","1","Morelos","Mexico","Latin America / Caribbean","Multi- grain & vegetable","Pasture & mixed cropping","Artificial Roost",2,"R9-1",4,0.666666666666667,"Mexico",13830.843848864,3.84569758598285,0.26746,46.09,508.188663304649,FALSE,18.69,-99.19,23.9241551848632,-102.170985323958,144
"CS","R9","1","Morelos","Mexico","Latin America / Caribbean","Multi- grain & vegetable","Pasture & mixed cropping","Agrochemical Reduction",1,"R9-1",4,0.666666666666667,"Mexico",13830.843848864,3.84569758598285,0.26746,46.09,508.188663304649,FALSE,18.69,-99.19,23.9241551848632,-102.170985323958,144
"CS","R9","1","Morelos","Mexico","Latin America / Caribbean","Multi- grain & vegetable","Pasture & mixed cropping","Revegetation",0,"R9-1",4,0.666666666666667,"Mexico",13830.843848864,3.84569758598285,0.26746,46.09,508.188663304649,FALSE,18.69,-99.19,23.9241551848632,-102.170985323958,144
"CS","R9","1","Morelos","Mexico","Latin America / Caribbean","Multi- grain & vegetable","Pasture & mixed cropping","Bat Education",1,"R9-1",4,0.666666666666667,"Mexico",13830.843848864,3.84569758598285,0.26746,46.09,508.188663304649,FALSE,18.69,-99.19,23.9241551848632,-102.170985323958,144
"CS","R9","1","Morelos","Mexico","Latin America / Caribbean","Multi- grain & vegetable","Pasture & mixed cropping","Artificial Water Sources",0,"R9-1",4,0.666666666666667,"Mexico",13830.843848864,3.84569758598285,0.26746,46.09,508.188663304649,FALSE,18.69,-99.19,23.9241551848632,-102.170985323958,144
"CS","R9","1","Morelos","Mexico","Latin America / Caribbean","Multi- grain & vegetable","Pasture & mixed cropping","Acoustic Bat Lure",0,"R9-1",4,0.666666666666667,"Mexico",13830.843848864,3.84569758598285,0.26746,46.09,508.188663304649,FALSE,18.69,-99.19,23.9241551848632,-102.170985323958,144
"CO","R10","1","Multi-country (Peru-Colombia multi-region)","Peru & Colombia","Latin America / Caribbean","Agroforestry cacao","Agroforestry cacao","Artificial Roost",0,"R10-1",1,0.166666666666667,"Peru",7919.04634828547,7.22315955429279,0.17611,41.01,93.727296106182,FALSE,-5.1945,-80.6328,-2.60183478693467,-73.7488869276082,NA
"CO","R10","1","Multi-country (Peru-Colombia multi-region)","Peru & Colombia","Latin America / Caribbean","Agroforestry cacao","Agroforestry cacao","Agrochemical Reduction",0,"R10-1",1,0.166666666666667,"Peru",7919.04634828547,7.22315955429279,0.17611,41.01,93.727296106182,FALSE,-5.1945,-80.6328,-2.60183478693467,-73.7488869276082,NA
"CO","R10","1","Multi-country (Peru-Colombia multi-region)","Peru & Colombia","Latin America / Caribbean","Agroforestry cacao","Agroforestry cacao","Revegetation",0,"R10-1",1,0.166666666666667,"Peru",7919.04634828547,7.22315955429279,0.17611,41.01,93.727296106182,FALSE,-5.1945,-80.6328,-2.60183478693467,-73.7488869276082,NA
"CO","R10","1","Multi-country (Peru-Colombia multi-region)","Peru & Colombia","Latin America / Caribbean","Agroforestry cacao","Agroforestry cacao","Bat Education",1,"R10-1",1,0.166666666666667,"Peru",7919.04634828547,7.22315955429279,0.17611,41.01,93.727296106182,FALSE,-5.1945,-80.6328,-2.60183478693467,-73.7488869276082,NA
"CO","R10","1","Multi-country (Peru-Colombia multi-region)","Peru & Colombia","Latin America / Caribbean","Agroforestry cacao","Agroforestry cacao","Artificial Water Sources",0,"R10-1",1,0.166666666666667,"Peru",7919.04634828547,7.22315955429279,0.17611,41.01,93.727296106182,FALSE,-5.1945,-80.6328,-2.60183478693467,-73.7488869276082,NA
"CO","R10","1","Multi-country (Peru-Colombia multi-region)","Peru & Colombia","Latin America / Caribbean","Agroforestry cacao","Agroforestry cacao","Acoustic Bat Lure",0,"R10-1",1,0.166666666666667,"Peru",7919.04634828547,7.22315955429279,0.17611,41.01,93.727296106182,FALSE,-5.1945,-80.6328,-2.60183478693467,-73.7488869276082,NA
"CM","R11","1","Western Province","Ghana","Africa","Multi- crop","Pasture & mixed cropping","Artificial Roost",0,"R11-1",3,0.5,"Ghana",2383.90410476221,20.9430687855615,NA,28.6,116.975380230497,FALSE,5.1667,-2.8667,7.94769971258465,-1.21698964043326,91
"CM","R11","1","Western Province","Ghana","Africa","Multi- crop","Pasture & mixed cropping","Agrochemical Reduction",0,"R11-1",3,0.5,"Ghana",2383.90410476221,20.9430687855615,NA,28.6,116.975380230497,FALSE,5.1667,-2.8667,7.94769971258465,-1.21698964043326,91
"CM","R11","1","Western Province","Ghana","Africa","Multi- crop","Pasture & mixed cropping","Revegetation",1,"R11-1",3,0.5,"Ghana",2383.90410476221,20.9430687855615,NA,28.6,116.975380230497,FALSE,5.1667,-2.8667,7.94769971258465,-1.21698964043326,91
"CM","R11","1","Western Province","Ghana","Africa","Multi- crop","Pasture & mixed cropping","Bat Education",2,"R11-1",3,0.5,"Ghana",2383.90410476221,20.9430687855615,NA,28.6,116.975380230497,FALSE,5.1667,-2.8667,7.94769971258465,-1.21698964043326,91
"CM","R11","1","Western Province","Ghana","Africa","Multi- crop","Pasture & mixed cropping","Artificial Water Sources",0,"R11-1",3,0.5,"Ghana",2383.90410476221,20.9430687855615,NA,28.6,116.975380230497,FALSE,5.1667,-2.8667,7.94769971258465,-1.21698964043326,91
"CM","R11","1","Western Province","Ghana","Africa","Multi- crop","Pasture & mixed cropping","Acoustic Bat Lure",0,"R11-1",3,0.5,"Ghana",2383.90410476221,20.9430687855615,NA,28.6,116.975380230497,FALSE,5.1667,-2.8667,7.94769971258465,-1.21698964043326,91
"DR","R12","1","Veneto","Italy","Europe","Apple","Perennial fruit & forestry crops","Artificial Roost",0,"R12-1",6,1,"Italy",39279.699782164,1.8596431753596,1.37935,61.56,952.713803909769,FALSE,45.4408,12.3155,42.7156861458039,12.2010485047317,36
"DR","R12","1","Veneto","Italy","Europe","Apple","Perennial fruit & forestry crops","Agrochemical Reduction",3,"R12-1",6,1,"Italy",39279.699782164,1.8596431753596,1.37935,61.56,952.713803909769,FALSE,45.4408,12.3155,42.7156861458039,12.2010485047317,36
"DR","R12","1","Veneto","Italy","Europe","Apple","Perennial fruit & forestry crops","Revegetation",0,"R12-1",6,1,"Italy",39279.699782164,1.8596431753596,1.37935,61.56,952.713803909769,FALSE,45.4408,12.3155,42.7156861458039,12.2010485047317,36
"DR","R12","1","Veneto","Italy","Europe","Apple","Perennial fruit & forestry crops","Bat Education",3,"R12-1",6,1,"Italy",39279.699782164,1.8596431753596,1.37935,61.56,952.713803909769,FALSE,45.4408,12.3155,42.7156861458039,12.2010485047317,36
"DR","R12","1","Veneto","Italy","Europe","Apple","Perennial fruit & forestry crops","Artificial Water Sources",0,"R12-1",6,1,"Italy",39279.699782164,1.8596431753596,1.37935,61.56,952.713803909769,FALSE,45.4408,12.3155,42.7156861458039,12.2010485047317,36
"DR","R12","1","Veneto","Italy","Europe","Apple","Perennial fruit & forestry crops","Acoustic Bat Lure",0,"R12-1",6,1,"Italy",39279.699782164,1.8596431753596,1.37935,61.56,952.713803909769,FALSE,45.4408,12.3155,42.7156861458039,12.2010485047317,36
"DF","R13","1 & 2","Cameroon: multi-region","Cameroon","Africa","Agroforestry cacao","Agroforestry cacao","Artificial Roost",1,"R13-1 & 2",3,0.5,"Cameroon",1720.47510154506,17.0996372773511,NA,34.9,36.1474384663849,FALSE,NA,NA,5.68116800316289,12.7339439676681,100
"DF","R13","1 & 2","Cameroon: multi-region","Cameroon","Africa","Agroforestry cacao","Agroforestry cacao","Agrochemical Reduction",0,"R13-1 & 2",3,0.5,"Cameroon",1720.47510154506,17.0996372773511,NA,34.9,36.1474384663849,FALSE,NA,NA,5.68116800316289,12.7339439676681,100
"DF","R13","1 & 2","Cameroon: multi-region","Cameroon","Africa","Agroforestry cacao","Agroforestry cacao","Revegetation",1,"R13-1 & 2",3,0.5,"Cameroon",1720.47510154506,17.0996372773511,NA,34.9,36.1474384663849,FALSE,NA,NA,5.68116800316289,12.7339439676681,100
"DF","R13","1 & 2","Cameroon: multi-region","Cameroon","Africa","Agroforestry cacao","Agroforestry cacao","Bat Education",1,"R13-1 & 2",3,0.5,"Cameroon",1720.47510154506,17.0996372773511,NA,34.9,36.1474384663849,FALSE,NA,NA,5.68116800316289,12.7339439676681,100
"DF","R13","1 & 2","Cameroon: multi-region","Cameroon","Africa","Agroforestry cacao","Agroforestry cacao","Artificial Water Sources",0,"R13-1 & 2",3,0.5,"Cameroon",1720.47510154506,17.0996372773511,NA,34.9,36.1474384663849,FALSE,NA,NA,5.68116800316289,12.7339439676681,100
"DF","R13","1 & 2","Cameroon: multi-region","Cameroon","Africa","Agroforestry cacao","Agroforestry cacao","Acoustic Bat Lure",0,"R13-1 & 2",3,0.5,"Cameroon",1720.47510154506,17.0996372773511,NA,34.9,36.1474384663849,FALSE,NA,NA,5.68116800316289,12.7339439676681,100
"KD","R14","1","Karnataka","India","South / Southeast Asia","Rice","Grain crops","Artificial Roost",0,"R14-1",3,0.5,"India",2434.44826340989,17.6565389328245,0.64558,22.46,4453.98508903982,FALSE,14.6197,74.8354,22.7766430396087,79.5639109318103,136
"KD","R14","1","Karnataka","India","South / Southeast Asia","Rice","Grain crops","Agrochemical Reduction",1,"R14-1",3,0.5,"India",2434.44826340989,17.6565389328245,0.64558,22.46,4453.98508903982,FALSE,14.6197,74.8354,22.7766430396087,79.5639109318103,136
"KD","R14","1","Karnataka","India","South / Southeast Asia","Rice","Grain crops","Revegetation",0,"R14-1",3,0.5,"India",2434.44826340989,17.6565389328245,0.64558,22.46,4453.98508903982,FALSE,14.6197,74.8354,22.7766430396087,79.5639109318103,136
"KD","R14","1","Karnataka","India","South / Southeast Asia","Rice","Grain crops","Bat Education",2,"R14-1",3,0.5,"India",2434.44826340989,17.6565389328245,0.64558,22.46,4453.98508903982,FALSE,14.6197,74.8354,22.7766430396087,79.5639109318103,136
"KD","R14","1","Karnataka","India","South / Southeast Asia","Rice","Grain crops","Artificial Water Sources",0,"R14-1",3,0.5,"India",2434.44826340989,17.6565389328245,0.64558,22.46,4453.98508903982,FALSE,14.6197,74.8354,22.7766430396087,79.5639109318103,136
"KD","R14","1","Karnataka","India","South / Southeast Asia","Rice","Grain crops","Acoustic Bat Lure",0,"R14-1",3,0.5,"India",2434.44826340989,17.6565389328245,0.64558,22.46,4453.98508903982,FALSE,14.6197,74.8354,22.7766430396087,79.5639109318103,136
"EF","R15","3","Central Scotland","UK","Europe","Multi- crop & pasture","Pasture & mixed cropping","Artificial Roost",0,"R15-3",6,1,"United Kingdom",49919.6896621586,0.648180849687737,2.67614,71.51,634.098457763344,FALSE,56.1165,-3.9369,54.0116497461288,-2.75814205633043,18
"EF","R15","3","Central Scotland","UK","Europe","Multi- crop & pasture","Pasture & mixed cropping","Agrochemical Reduction",1,"R15-3",6,1,"United Kingdom",49919.6896621586,0.648180849687737,2.67614,71.51,634.098457763344,FALSE,56.1165,-3.9369,54.0116497461288,-2.75814205633043,18
"EF","R15","3","Central Scotland","UK","Europe","Multi- crop & pasture","Pasture & mixed cropping","Revegetation",3,"R15-3",6,1,"United Kingdom",49919.6896621586,0.648180849687737,2.67614,71.51,634.098457763344,FALSE,56.1165,-3.9369,54.0116497461288,-2.75814205633043,18
"EF","R15","3","Central Scotland","UK","Europe","Multi- crop & pasture","Pasture & mixed cropping","Bat Education",0,"R15-3",6,1,"United Kingdom",49919.6896621586,0.648180849687737,2.67614,71.51,634.098457763344,FALSE,56.1165,-3.9369,54.0116497461288,-2.75814205633043,18
"EF","R15","3","Central Scotland","UK","Europe","Multi- crop & pasture","Pasture & mixed cropping","Artificial Water Sources",2,"R15-3",6,1,"United Kingdom",49919.6896621586,0.648180849687737,2.67614,71.51,634.098457763344,FALSE,56.1165,-3.9369,54.0116497461288,-2.75814205633043,18
"EF","R15","3","Central Scotland","UK","Europe","Multi- crop & pasture","Pasture & mixed cropping","Acoustic Bat Lure",0,"R15-3",6,1,"United Kingdom",49919.6896621586,0.648180849687737,2.67614,71.51,634.098457763344,FALSE,56.1165,-3.9369,54.0116497461288,-2.75814205633043,18
"FM","R16","1","Multi-region: northern, eastern & western France","France","Europe","Multi- crop & pasture","Pasture & mixed cropping","Artificial Roost",0,"R16-1",5,0.833333333333333,"France",44700.1384177544,1.48475796304424,2.17832,69.82,1537.31777634499,FALSE,48.65926,1.73671,42.9551401765111,-6.67614112511506,35
"FM","R16","1","Multi-region: northern, eastern & western France","France","Europe","Multi- crop & pasture","Pasture & mixed cropping","Agrochemical Reduction",0,"R16-1",5,0.833333333333333,"France",44700.1384177544,1.48475796304424,2.17832,69.82,1537.31777634499,FALSE,48.65926,1.73671,42.9551401765111,-6.67614112511506,35
"FM","R16","1","Multi-region: northern, eastern & western France","France","Europe","Multi- crop & pasture","Pasture & mixed cropping","Revegetation",3,"R16-1",5,0.833333333333333,"France",44700.1384177544,1.48475796304424,2.17832,69.82,1537.31777634499,FALSE,48.65926,1.73671,42.9551401765111,-6.67614112511506,35
"FM","R16","1","Multi-region: northern, eastern & western France","France","Europe","Multi- crop & pasture","Pasture & mixed cropping","Bat Education",2,"R16-1",5,0.833333333333333,"France",44700.1384177544,1.48475796304424,2.17832,69.82,1537.31777634499,FALSE,48.65926,1.73671,42.9551401765111,-6.67614112511506,35
"FM","R16","1","Multi-region: northern, eastern & western France","France","Europe","Multi- crop & pasture","Pasture & mixed cropping","Artificial Water Sources",0,"R16-1",5,0.833333333333333,"France",44700.1384177544,1.48475796304424,2.17832,69.82,1537.31777634499,FALSE,48.65926,1.73671,42.9551401765111,-6.67614112511506,35
"FM","R16","1","Multi-region: northern, eastern & western France","France","Europe","Multi- crop & pasture","Pasture & mixed cropping","Acoustic Bat Lure",0,"R16-1",5,0.833333333333333,"France",44700.1384177544,1.48475796304424,2.17832,69.82,1537.31777634499,FALSE,48.65926,1.73671,42.9551401765111,-6.67614112511506,35
"FM","R16","2","Multi-region: northern, eastern & western France","France","Europe","Multi- crop & pasture","Pasture & mixed cropping","Artificial Roost",0,"R16-2",2,0.333333333333333,"France",44700.1384177544,1.48475796304424,2.17832,69.82,1537.31777634499,FALSE,48.63779,1.92263,42.9551401765111,-6.67614112511506,35
"FM","R16","2","Multi-region: northern, eastern & western France","France","Europe","Multi- crop & pasture","Pasture & mixed cropping","Agrochemical Reduction",0,"R16-2",2,0.333333333333333,"France",44700.1384177544,1.48475796304424,2.17832,69.82,1537.31777634499,FALSE,48.63779,1.92263,42.9551401765111,-6.67614112511506,35
"FM","R16","2","Multi-region: northern, eastern & western France","France","Europe","Multi- crop & pasture","Pasture & mixed cropping","Revegetation",0,"R16-2",2,0.333333333333333,"France",44700.1384177544,1.48475796304424,2.17832,69.82,1537.31777634499,FALSE,48.63779,1.92263,42.9551401765111,-6.67614112511506,35
"FM","R16","2","Multi-region: northern, eastern & western France","France","Europe","Multi- crop & pasture","Pasture & mixed cropping","Bat Education",0,"R16-2",2,0.333333333333333,"France",44700.1384177544,1.48475796304424,2.17832,69.82,1537.31777634499,FALSE,48.63779,1.92263,42.9551401765111,-6.67614112511506,35
"FM","R16","2","Multi-region: northern, eastern & western France","France","Europe","Multi- crop & pasture","Pasture & mixed cropping","Artificial Water Sources",2,"R16-2",2,0.333333333333333,"France",44700.1384177544,1.48475796304424,2.17832,69.82,1537.31777634499,FALSE,48.63779,1.92263,42.9551401765111,-6.67614112511506,35
"FM","R16","2","Multi-region: northern, eastern & western France","France","Europe","Multi- crop & pasture","Pasture & mixed cropping","Acoustic Bat Lure",0,"R16-2",2,0.333333333333333,"France",44700.1384177544,1.48475796304424,2.17832,69.82,1537.31777634499,FALSE,48.63779,1.92263,42.9551401765111,-6.67614112511506,35
"FM","R16","3","Multi-region: Normandie, Occitanie, Vaucluse & Nouvelle-Aquitaine","France","Europe","Apple","Perennial fruit & forestry crops","Artificial Roost",1,"R16-3",4,0.666666666666667,"France",44700.1384177544,1.48475796304424,2.17832,69.82,1537.31777634499,FALSE,45.8336,1.2611,42.9551401765111,-6.67614112511506,35
"FM","R16","3","Multi-region: Normandie, Occitanie, Vaucluse & Nouvelle-Aquitaine","France","Europe","Apple","Perennial fruit & forestry crops","Agrochemical Reduction",2,"R16-3",4,0.666666666666667,"France",44700.1384177544,1.48475796304424,2.17832,69.82,1537.31777634499,FALSE,45.8336,1.2611,42.9551401765111,-6.67614112511506,35
"FM","R16","3","Multi-region: Normandie, Occitanie, Vaucluse & Nouvelle-Aquitaine","France","Europe","Apple","Perennial fruit & forestry crops","Revegetation",0,"R16-3",4,0.666666666666667,"France",44700.1384177544,1.48475796304424,2.17832,69.82,1537.31777634499,FALSE,45.8336,1.2611,42.9551401765111,-6.67614112511506,35
"FM","R16","3","Multi-region: Normandie, Occitanie, Vaucluse & Nouvelle-Aquitaine","France","Europe","Apple","Perennial fruit & forestry crops","Bat Education",1,"R16-3",4,0.666666666666667,"France",44700.1384177544,1.48475796304424,2.17832,69.82,1537.31777634499,FALSE,45.8336,1.2611,42.9551401765111,-6.67614112511506,35
"FM","R16","3","Multi-region: Normandie, Occitanie, Vaucluse & Nouvelle-Aquitaine","France","Europe","Apple","Perennial fruit & forestry crops","Artificial Water Sources",0,"R16-3",4,0.666666666666667,"France",44700.1384177544,1.48475796304424,2.17832,69.82,1537.31777634499,FALSE,45.8336,1.2611,42.9551401765111,-6.67614112511506,35
"FM","R16","3","Multi-region: Normandie, Occitanie, Vaucluse & Nouvelle-Aquitaine","France","Europe","Apple","Perennial fruit & forestry crops","Acoustic Bat Lure",0,"R16-3",4,0.666666666666667,"France",44700.1384177544,1.48475796304424,2.17832,69.82,1537.31777634499,FALSE,45.8336,1.2611,42.9551401765111,-6.67614112511506,35
"GM","R17","1","Texas","USA","North America","Cotton","Field crops","Artificial Roost",3,"R17-1",7,1.16666666666667,"United States",82586.7847707894,0.942961672907101,3.44716,58.54,5113.96640319801,FALSE,29.2098,-99.7862,44.7437315908213,-103.629562809744,46
"GM","R17","1","Texas","USA","North America","Cotton","Field crops","Agrochemical Reduction",0,"R17-1",7,1.16666666666667,"United States",82586.7847707894,0.942961672907101,3.44716,58.54,5113.96640319801,FALSE,29.2098,-99.7862,44.7437315908213,-103.629562809744,46
"GM","R17","1","Texas","USA","North America","Cotton","Field crops","Revegetation",0,"R17-1",7,1.16666666666667,"United States",82586.7847707894,0.942961672907101,3.44716,58.54,5113.96640319801,FALSE,29.2098,-99.7862,44.7437315908213,-103.629562809744,46
"GM","R17","1","Texas","USA","North America","Cotton","Field crops","Bat Education",1,"R17-1",7,1.16666666666667,"United States",82586.7847707894,0.942961672907101,3.44716,58.54,5113.96640319801,FALSE,29.2098,-99.7862,44.7437315908213,-103.629562809744,46
"GM","R17","1","Texas","USA","North America","Cotton","Field crops","Artificial Water Sources",0,"R17-1",7,1.16666666666667,"United States",82586.7847707894,0.942961672907101,3.44716,58.54,5113.96640319801,FALSE,29.2098,-99.7862,44.7437315908213,-103.629562809744,46
"GM","R17","1","Texas","USA","North America","Cotton","Field crops","Acoustic Bat Lure",3,"R17-1",7,1.16666666666667,"United States",82586.7847707894,0.942961672907101,3.44716,58.54,5113.96640319801,FALSE,29.2098,-99.7862,44.7437315908213,-103.629562809744,46
"GM","R17","2","Multi-region: Texas & Florida","USA","North America","Pecan","Perennial fruit & forestry crops","Artificial Roost",3,"R17-2",6,1,"United States",82586.7847707894,0.942961672907101,3.44716,58.54,5113.96640319801,FALSE,29.3216,-99.4712,44.7437315908213,-103.629562809744,46
"GM","R17","2","Multi-region: Texas & Florida","USA","North America","Pecan","Perennial fruit & forestry crops","Agrochemical Reduction",2,"R17-2",6,1,"United States",82586.7847707894,0.942961672907101,3.44716,58.54,5113.96640319801,FALSE,29.3216,-99.4712,44.7437315908213,-103.629562809744,46
"GM","R17","2","Multi-region: Texas & Florida","USA","North America","Pecan","Perennial fruit & forestry crops","Revegetation",0,"R17-2",6,1,"United States",82586.7847707894,0.942961672907101,3.44716,58.54,5113.96640319801,FALSE,29.3216,-99.4712,44.7437315908213,-103.629562809744,46
"GM","R17","2","Multi-region: Texas & Florida","USA","North America","Pecan","Perennial fruit & forestry crops","Bat Education",1,"R17-2",6,1,"United States",82586.7847707894,0.942961672907101,3.44716,58.54,5113.96640319801,FALSE,29.3216,-99.4712,44.7437315908213,-103.629562809744,46
"GM","R17","2","Multi-region: Texas & Florida","USA","North America","Pecan","Perennial fruit & forestry crops","Artificial Water Sources",0,"R17-2",6,1,"United States",82586.7847707894,0.942961672907101,3.44716,58.54,5113.96640319801,FALSE,29.3216,-99.4712,44.7437315908213,-103.629562809744,46
"GM","R17","2","Multi-region: Texas & Florida","USA","North America","Pecan","Perennial fruit & forestry crops","Acoustic Bat Lure",0,"R17-2",6,1,"United States",82586.7847707894,0.942961672907101,3.44716,58.54,5113.96640319801,FALSE,29.3216,-99.4712,44.7437315908213,-103.629562809744,46
"HK","R18","1","New South Wales","Australia","Australasia / Pacific","Cotton","Field crops","Artificial Roost",1,"R18-1",5,0.833333333333333,"Australia",65058.3773146674,2.57169831894523,1.85783,59.4,670.612655136355,FALSE,-29.4658,149.8412,-25.7641815523079,134.303829123934,81
"HK","R18","1","New South Wales","Australia","Australasia / Pacific","Cotton","Field crops","Agrochemical Reduction",1,"R18-1",5,0.833333333333333,"Australia",65058.3773146674,2.57169831894523,1.85783,59.4,670.612655136355,FALSE,-29.4658,149.8412,-25.7641815523079,134.303829123934,81
"HK","R18","1","New South Wales","Australia","Australasia / Pacific","Cotton","Field crops","Revegetation",2,"R18-1",5,0.833333333333333,"Australia",65058.3773146674,2.57169831894523,1.85783,59.4,670.612655136355,FALSE,-29.4658,149.8412,-25.7641815523079,134.303829123934,81
"HK","R18","1","New South Wales","Australia","Australasia / Pacific","Cotton","Field crops","Bat Education",1,"R18-1",5,0.833333333333333,"Australia",65058.3773146674,2.57169831894523,1.85783,59.4,670.612655136355,FALSE,-29.4658,149.8412,-25.7641815523079,134.303829123934,81
"HK","R18","1","New South Wales","Australia","Australasia / Pacific","Cotton","Field crops","Artificial Water Sources",0,"R18-1",5,0.833333333333333,"Australia",65058.3773146674,2.57169831894523,1.85783,59.4,670.612655136355,FALSE,-29.4658,149.8412,-25.7641815523079,134.303829123934,81
"HK","R18","1","New South Wales","Australia","Australasia / Pacific","Cotton","Field crops","Acoustic Bat Lure",0,"R18-1",5,0.833333333333333,"Australia",65058.3773146674,2.57169831894523,1.85783,59.4,670.612655136355,FALSE,-29.4658,149.8412,-25.7641815523079,134.303829123934,81
"HK","R18","2","New South Wales","Australia","Australasia / Pacific","Blueberries","Perennial fruit & forestry crops","Artificial Roost",0,"R18-2",3,0.5,"Australia",65058.3773146674,2.57169831894523,1.85783,59.4,670.612655136355,FALSE,-30.29705912,153.1123257,-25.7641815523079,134.303829123934,81
"HK","R18","2","New South Wales","Australia","Australasia / Pacific","Blueberries","Perennial fruit & forestry crops","Agrochemical Reduction",0,"R18-2",3,0.5,"Australia",65058.3773146674,2.57169831894523,1.85783,59.4,670.612655136355,FALSE,-30.29705912,153.1123257,-25.7641815523079,134.303829123934,81
"HK","R18","2","New South Wales","Australia","Australasia / Pacific","Blueberries","Perennial fruit & forestry crops","Revegetation",2,"R18-2",3,0.5,"Australia",65058.3773146674,2.57169831894523,1.85783,59.4,670.612655136355,FALSE,-30.29705912,153.1123257,-25.7641815523079,134.303829123934,81
"HK","R18","2","New South Wales","Australia","Australasia / Pacific","Blueberries","Perennial fruit & forestry crops","Bat Education",1,"R18-2",3,0.5,"Australia",65058.3773146674,2.57169831894523,1.85783,59.4,670.612655136355,FALSE,-30.29705912,153.1123257,-25.7641815523079,134.303829123934,81
"HK","R18","2","New South Wales","Australia","Australasia / Pacific","Blueberries","Perennial fruit & forestry crops","Artificial Water Sources",0,"R18-2",3,0.5,"Australia",65058.3773146674,2.57169831894523,1.85783,59.4,670.612655136355,FALSE,-30.29705912,153.1123257,-25.7641815523079,134.303829123934,81
"HK","R18","2","New South Wales","Australia","Australasia / Pacific","Blueberries","Perennial fruit & forestry crops","Acoustic Bat Lure",0,"R18-2",3,0.5,"Australia",65058.3773146674,2.57169831894523,1.85783,59.4,670.612655136355,FALSE,-30.29705912,153.1123257,-25.7641815523079,134.303829123934,81
"HR","R19","1","Alentejo","Portugal","Europe","Vineyard","Vineyard","Artificial Roost",2,"R19-1",8,1.33333333333333,"Portugal",27634.6183139773,2.13721069426312,1.69491,62.74,89.0575630399789,FALSE,38.5714,-7.9135,39.6062103081133,-8.52813028125945,29
"HR","R19","1","Alentejo","Portugal","Europe","Vineyard","Vineyard","Agrochemical Reduction",2,"R19-1",8,1.33333333333333,"Portugal",27634.6183139773,2.13721069426312,1.69491,62.74,89.0575630399789,FALSE,38.5714,-7.9135,39.6062103081133,-8.52813028125945,29
"HR","R19","1","Alentejo","Portugal","Europe","Vineyard","Vineyard","Revegetation",2,"R19-1",8,1.33333333333333,"Portugal",27634.6183139773,2.13721069426312,1.69491,62.74,89.0575630399789,FALSE,38.5714,-7.9135,39.6062103081133,-8.52813028125945,29
"HR","R19","1","Alentejo","Portugal","Europe","Vineyard","Vineyard","Bat Education",1,"R19-1",8,1.33333333333333,"Portugal",27634.6183139773,2.13721069426312,1.69491,62.74,89.0575630399789,FALSE,38.5714,-7.9135,39.6062103081133,-8.52813028125945,29
"HR","R19","1","Alentejo","Portugal","Europe","Vineyard","Vineyard","Artificial Water Sources",1,"R19-1",8,1.33333333333333,"Portugal",27634.6183139773,2.13721069426312,1.69491,62.74,89.0575630399789,FALSE,38.5714,-7.9135,39.6062103081133,-8.52813028125945,29
"HR","R19","1","Alentejo","Portugal","Europe","Vineyard","Vineyard","Acoustic Bat Lure",0,"R19-1",8,1.33333333333333,"Portugal",27634.6183139773,2.13721069426312,1.69491,62.74,89.0575630399789,FALSE,38.5714,-7.9135,39.6062103081133,-8.52813028125945,29
"HR","R19","2","Central Portugal","Portugal","Europe","Pine","Perennial fruit & forestry crops","Artificial Roost",1,"R19-2",3,0.5,"Portugal",27634.6183139773,2.13721069426312,1.69491,62.74,89.0575630399789,FALSE,40.5364,-7.2683,39.6062103081133,-8.52813028125945,29
"HR","R19","2","Central Portugal","Portugal","Europe","Pine","Perennial fruit & forestry crops","Agrochemical Reduction",0,"R19-2",3,0.5,"Portugal",27634.6183139773,2.13721069426312,1.69491,62.74,89.0575630399789,FALSE,40.5364,-7.2683,39.6062103081133,-8.52813028125945,29
"HR","R19","2","Central Portugal","Portugal","Europe","Pine","Perennial fruit & forestry crops","Revegetation",1,"R19-2",3,0.5,"Portugal",27634.6183139773,2.13721069426312,1.69491,62.74,89.0575630399789,FALSE,40.5364,-7.2683,39.6062103081133,-8.52813028125945,29
"HR","R19","2","Central Portugal","Portugal","Europe","Pine","Perennial fruit & forestry crops","Bat Education",1,"R19-2",3,0.5,"Portugal",27634.6183139773,2.13721069426312,1.69491,62.74,89.0575630399789,FALSE,40.5364,-7.2683,39.6062103081133,-8.52813028125945,29
"HR","R19","2","Central Portugal","Portugal","Europe","Pine","Perennial fruit & forestry crops","Artificial Water Sources",0,"R19-2",3,0.5,"Portugal",27634.6183139773,2.13721069426312,1.69491,62.74,89.0575630399789,FALSE,40.5364,-7.2683,39.6062103081133,-8.52813028125945,29
"HR","R19","2","Central Portugal","Portugal","Europe","Pine","Perennial fruit & forestry crops","Acoustic Bat Lure",0,"R19-2",3,0.5,"Portugal",27634.6183139773,2.13721069426312,1.69491,62.74,89.0575630399789,FALSE,40.5364,-7.2683,39.6062103081133,-8.52813028125945,29
"HW","R20","1","Multi-region: shandong province, shannxi province & yunnan province","China","East Asia","Apple","Perennial fruit & forestry crops","Artificial Roost",1,"R20-1",1,0.166666666666667,"China",12951.1782397043,6.88951941080068,2.57729,33.88,7963.6834961115,FALSE,37.4638,121.4479,36.6914066934515,103.378049539793,147
"HW","R20","1","Multi-region: shandong province, shannxi province & yunnan province","China","East Asia","Apple","Perennial fruit & forestry crops","Agrochemical Reduction",0,"R20-1",1,0.166666666666667,"China",12951.1782397043,6.88951941080068,2.57729,33.88,7963.6834961115,FALSE,37.4638,121.4479,36.6914066934515,103.378049539793,147
"HW","R20","1","Multi-region: shandong province, shannxi province & yunnan province","China","East Asia","Apple","Perennial fruit & forestry crops","Revegetation",0,"R20-1",1,0.166666666666667,"China",12951.1782397043,6.88951941080068,2.57729,33.88,7963.6834961115,FALSE,37.4638,121.4479,36.6914066934515,103.378049539793,147
"HW","R20","1","Multi-region: shandong province, shannxi province & yunnan province","China","East Asia","Apple","Perennial fruit & forestry crops","Bat Education",0,"R20-1",1,0.166666666666667,"China",12951.1782397043,6.88951941080068,2.57729,33.88,7963.6834961115,FALSE,37.4638,121.4479,36.6914066934515,103.378049539793,147
"HW","R20","1","Multi-region: shandong province, shannxi province & yunnan province","China","East Asia","Apple","Perennial fruit & forestry crops","Artificial Water Sources",0,"R20-1",1,0.166666666666667,"China",12951.1782397043,6.88951941080068,2.57729,33.88,7963.6834961115,FALSE,37.4638,121.4479,36.6914066934515,103.378049539793,147
"HW","R20","1","Multi-region: shandong province, shannxi province & yunnan province","China","East Asia","Apple","Perennial fruit & forestry crops","Acoustic Bat Lure",0,"R20-1",1,0.166666666666667,"China",12951.1782397043,6.88951941080068,2.57729,33.88,7963.6834961115,FALSE,37.4638,121.4479,36.6914066934515,103.378049539793,147
"JM","R21","1","Auckland","New Zealand","Australasia / Pacific","Multi- crop & pasture","Pasture & mixed cropping","Artificial Roost",1,"R21-1",5,0.833333333333333,"New Zealand",49302.341876493,4.00852725247614,1.54848,55.45,328.003365423407,FALSE,-38.6857,176.0702,-41.7023337271842,172.921343839925,2
"JM","R21","1","Auckland","New Zealand","Australasia / Pacific","Multi- crop & pasture","Pasture & mixed cropping","Agrochemical Reduction",2,"R21-1",5,0.833333333333333,"New Zealand",49302.341876493,4.00852725247614,1.54848,55.45,328.003365423407,FALSE,-38.6857,176.0702,-41.7023337271842,172.921343839925,2
"JM","R21","1","Auckland","New Zealand","Australasia / Pacific","Multi- crop & pasture","Pasture & mixed cropping","Revegetation",2,"R21-1",5,0.833333333333333,"New Zealand",49302.341876493,4.00852725247614,1.54848,55.45,328.003365423407,FALSE,-38.6857,176.0702,-41.7023337271842,172.921343839925,2
"JM","R21","1","Auckland","New Zealand","Australasia / Pacific","Multi- crop & pasture","Pasture & mixed cropping","Bat Education",0,"R21-1",5,0.833333333333333,"New Zealand",49302.341876493,4.00852725247614,1.54848,55.45,328.003365423407,FALSE,-38.6857,176.0702,-41.7023337271842,172.921343839925,2
"JM","R21","1","Auckland","New Zealand","Australasia / Pacific","Multi- crop & pasture","Pasture & mixed cropping","Artificial Water Sources",0,"R21-1",5,0.833333333333333,"New Zealand",49302.341876493,4.00852725247614,1.54848,55.45,328.003365423407,FALSE,-38.6857,176.0702,-41.7023337271842,172.921343839925,2
"JM","R21","1","Auckland","New Zealand","Australasia / Pacific","Multi- crop & pasture","Pasture & mixed cropping","Acoustic Bat Lure",0,"R21-1",5,0.833333333333333,"New Zealand",49302.341876493,4.00852725247614,1.54848,55.45,328.003365423407,FALSE,-38.6857,176.0702,-41.7023337271842,172.921343839925,2
"JF","R22","1","Bourgogne-Franche-Comté","France","Europe","Multi- crop & pasture","Pasture & mixed cropping","Artificial Roost",0,"R22-1",1,0.166666666666667,"France",44700.1384177544,1.48475796304424,2.17832,69.82,1537.31777634499,FALSE,47.2378,6.0241,42.9551401765111,-6.67614112511506,35
"JF","R22","1","Bourgogne-Franche-Comté","France","Europe","Multi- crop & pasture","Pasture & mixed cropping","Agrochemical Reduction",0,"R22-1",1,0.166666666666667,"France",44700.1384177544,1.48475796304424,2.17832,69.82,1537.31777634499,FALSE,47.2378,6.0241,42.9551401765111,-6.67614112511506,35
"JF","R22","1","Bourgogne-Franche-Comté","France","Europe","Multi- crop & pasture","Pasture & mixed cropping","Revegetation",1,"R22-1",1,0.166666666666667,"France",44700.1384177544,1.48475796304424,2.17832,69.82,1537.31777634499,FALSE,47.2378,6.0241,42.9551401765111,-6.67614112511506,35
"JF","R22","1","Bourgogne-Franche-Comté","France","Europe","Multi- crop & pasture","Pasture & mixed cropping","Bat Education",0,"R22-1",1,0.166666666666667,"France",44700.1384177544,1.48475796304424,2.17832,69.82,1537.31777634499,FALSE,47.2378,6.0241,42.9551401765111,-6.67614112511506,35
"JF","R22","1","Bourgogne-Franche-Comté","France","Europe","Multi- crop & pasture","Pasture & mixed cropping","Artificial Water Sources",0,"R22-1",1,0.166666666666667,"France",44700.1384177544,1.48475796304424,2.17832,69.82,1537.31777634499,FALSE,47.2378,6.0241,42.9551401765111,-6.67614112511506,35
"JF","R22","1","Bourgogne-Franche-Comté","France","Europe","Multi- crop & pasture","Pasture & mixed cropping","Acoustic Bat Lure",0,"R22-1",1,0.166666666666667,"France",44700.1384177544,1.48475796304424,2.17832,69.82,1537.31777634499,FALSE,47.2378,6.0241,42.9551401765111,-6.67614112511506,35
"JF","R23","2","Multi-region: Occitanie & Nouvelle-Aquitaine","France","Europe","Vineyard","Vineyard","Artificial Roost",2,"R23-2",7,1.16666666666667,"France",44700.1384177544,1.48475796304424,2.17832,69.82,1537.31777634499,FALSE,43.6108,3.8767,42.9551401765111,-6.67614112511506,35
"JF","R23","2","Multi-region: Occitanie & Nouvelle-Aquitaine","France","Europe","Vineyard","Vineyard","Agrochemical Reduction",3,"R23-2",7,1.16666666666667,"France",44700.1384177544,1.48475796304424,2.17832,69.82,1537.31777634499,FALSE,43.6108,3.8767,42.9551401765111,-6.67614112511506,35
"JF","R23","2","Multi-region: Occitanie & Nouvelle-Aquitaine","France","Europe","Vineyard","Vineyard","Revegetation",0,"R23-2",7,1.16666666666667,"France",44700.1384177544,1.48475796304424,2.17832,69.82,1537.31777634499,FALSE,43.6108,3.8767,42.9551401765111,-6.67614112511506,35
"JF","R23","2","Multi-region: Occitanie & Nouvelle-Aquitaine","France","Europe","Vineyard","Vineyard","Bat Education",1,"R23-2",7,1.16666666666667,"France",44700.1384177544,1.48475796304424,2.17832,69.82,1537.31777634499,FALSE,43.6108,3.8767,42.9551401765111,-6.67614112511506,35
"JF","R23","2","Multi-region: Occitanie & Nouvelle-Aquitaine","France","Europe","Vineyard","Vineyard","Artificial Water Sources",1,"R23-2",7,1.16666666666667,"France",44700.1384177544,1.48475796304424,2.17832,69.82,1537.31777634499,FALSE,43.6108,3.8767,42.9551401765111,-6.67614112511506,35
"JF","R23","2","Multi-region: Occitanie & Nouvelle-Aquitaine","France","Europe","Vineyard","Vineyard","Acoustic Bat Lure",0,"R23-2",7,1.16666666666667,"France",44700.1384177544,1.48475796304424,2.17832,69.82,1537.31777634499,FALSE,43.6108,3.8767,42.9551401765111,-6.67614112511506,35
"JN","R24","1","Hualien County","Taiwan","East Asia","Rice","Grain crops","Artificial Roost",0,"R24-1",1,0.166666666666667,"Taiwan, China",12951.1782397043,6.88951941080068,2.57729,33.88,598.358884272946,TRUE,23.9871,121.6015,23.7502042082941,120.951465590186,34
"JN","R24","1","Hualien County","Taiwan","East Asia","Rice","Grain crops","Agrochemical Reduction",1,"R24-1",1,0.166666666666667,"Taiwan, China",12951.1782397043,6.88951941080068,2.57729,33.88,598.358884272946,TRUE,23.9871,121.6015,23.7502042082941,120.951465590186,34
"JN","R24","1","Hualien County","Taiwan","East Asia","Rice","Grain crops","Revegetation",0,"R24-1",1,0.166666666666667,"Taiwan, China",12951.1782397043,6.88951941080068,2.57729,33.88,598.358884272946,TRUE,23.9871,121.6015,23.7502042082941,120.951465590186,34
"JN","R24","1","Hualien County","Taiwan","East Asia","Rice","Grain crops","Bat Education",0,"R24-1",1,0.166666666666667,"Taiwan, China",12951.1782397043,6.88951941080068,2.57729,33.88,598.358884272946,TRUE,23.9871,121.6015,23.7502042082941,120.951465590186,34
"JN","R24","1","Hualien County","Taiwan","East Asia","Rice","Grain crops","Artificial Water Sources",0,"R24-1",1,0.166666666666667,"Taiwan, China",12951.1782397043,6.88951941080068,2.57729,33.88,598.358884272946,TRUE,23.9871,121.6015,23.7502042082941,120.951465590186,34
"JN","R24","1","Hualien County","Taiwan","East Asia","Rice","Grain crops","Acoustic Bat Lure",0,"R24-1",1,0.166666666666667,"Taiwan, China",12951.1782397043,6.88951941080068,2.57729,33.88,598.358884272946,TRUE,23.9871,121.6015,23.7502042082941,120.951465590186,34
"JH","R25","1","Alentejo","Portugal","Europe","Olive groves","Perennial fruit & forestry crops","Artificial Roost",3,"R25-1",11,1.83333333333333,"Portugal",27634.6183139773,2.13721069426312,1.69491,62.74,89.0575630399789,FALSE,38.5714,-7.9135,39.6062103081133,-8.52813028125945,29
"JH","R25","1","Alentejo","Portugal","Europe","Olive groves","Perennial fruit & forestry crops","Agrochemical Reduction",2,"R25-1",11,1.83333333333333,"Portugal",27634.6183139773,2.13721069426312,1.69491,62.74,89.0575630399789,FALSE,38.5714,-7.9135,39.6062103081133,-8.52813028125945,29
"JH","R25","1","Alentejo","Portugal","Europe","Olive groves","Perennial fruit & forestry crops","Revegetation",3,"R25-1",11,1.83333333333333,"Portugal",27634.6183139773,2.13721069426312,1.69491,62.74,89.0575630399789,FALSE,38.5714,-7.9135,39.6062103081133,-8.52813028125945,29
"JH","R25","1","Alentejo","Portugal","Europe","Olive groves","Perennial fruit & forestry crops","Bat Education",1,"R25-1",11,1.83333333333333,"Portugal",27634.6183139773,2.13721069426312,1.69491,62.74,89.0575630399789,FALSE,38.5714,-7.9135,39.6062103081133,-8.52813028125945,29
"JH","R25","1","Alentejo","Portugal","Europe","Olive groves","Perennial fruit & forestry crops","Artificial Water Sources",2,"R25-1",11,1.83333333333333,"Portugal",27634.6183139773,2.13721069426312,1.69491,62.74,89.0575630399789,FALSE,38.5714,-7.9135,39.6062103081133,-8.52813028125945,29
"JH","R25","1","Alentejo","Portugal","Europe","Olive groves","Perennial fruit & forestry crops","Acoustic Bat Lure",0,"R25-1",11,1.83333333333333,"Portugal",27634.6183139773,2.13721069426312,1.69491,62.74,89.0575630399789,FALSE,38.5714,-7.9135,39.6062103081133,-8.52813028125945,29
"LA","R26","1","Tuscany","Italy","Europe","Olive groves","Perennial fruit & forestry crops","Artificial Roost",0,"R26-1",2,0.333333333333333,"Italy",39279.699782164,1.8596431753596,1.37935,61.56,952.713803909769,FALSE,43.7696,11.2558,42.7156861458039,12.2010485047317,36
"LA","R26","1","Tuscany","Italy","Europe","Olive groves","Perennial fruit & forestry crops","Agrochemical Reduction",1,"R26-1",2,0.333333333333333,"Italy",39279.699782164,1.8596431753596,1.37935,61.56,952.713803909769,FALSE,43.7696,11.2558,42.7156861458039,12.2010485047317,36
"LA","R26","1","Tuscany","Italy","Europe","Olive groves","Perennial fruit & forestry crops","Revegetation",0,"R26-1",2,0.333333333333333,"Italy",39279.699782164,1.8596431753596,1.37935,61.56,952.713803909769,FALSE,43.7696,11.2558,42.7156861458039,12.2010485047317,36
"LA","R26","1","Tuscany","Italy","Europe","Olive groves","Perennial fruit & forestry crops","Bat Education",1,"R26-1",2,0.333333333333333,"Italy",39279.699782164,1.8596431753596,1.37935,61.56,952.713803909769,FALSE,43.7696,11.2558,42.7156861458039,12.2010485047317,36
"LA","R26","1","Tuscany","Italy","Europe","Olive groves","Perennial fruit & forestry crops","Artificial Water Sources",0,"R26-1",2,0.333333333333333,"Italy",39279.699782164,1.8596431753596,1.37935,61.56,952.713803909769,FALSE,43.7696,11.2558,42.7156861458039,12.2010485047317,36
"LA","R26","1","Tuscany","Italy","Europe","Olive groves","Perennial fruit & forestry crops","Acoustic Bat Lure",0,"R26-1",2,0.333333333333333,"Italy",39279.699782164,1.8596431753596,1.37935,61.56,952.713803909769,FALSE,43.7696,11.2558,42.7156861458039,12.2010485047317,36
"LA","R26","2","Lazio","Italy","Europe","Multi- grain & vegetable","Pasture & mixed cropping","Artificial Roost",2,"R26-2",5,0.833333333333333,"Italy",39279.699782164,1.8596431753596,1.37935,61.56,952.713803909769,FALSE,41.9028,12.4964,42.7156861458039,12.2010485047317,36
"LA","R26","2","Lazio","Italy","Europe","Multi- grain & vegetable","Pasture & mixed cropping","Agrochemical Reduction",1,"R26-2",5,0.833333333333333,"Italy",39279.699782164,1.8596431753596,1.37935,61.56,952.713803909769,FALSE,41.9028,12.4964,42.7156861458039,12.2010485047317,36
"LA","R26","2","Lazio","Italy","Europe","Multi- grain & vegetable","Pasture & mixed cropping","Revegetation",0,"R26-2",5,0.833333333333333,"Italy",39279.699782164,1.8596431753596,1.37935,61.56,952.713803909769,FALSE,41.9028,12.4964,42.7156861458039,12.2010485047317,36
"LA","R26","2","Lazio","Italy","Europe","Multi- grain & vegetable","Pasture & mixed cropping","Bat Education",1,"R26-2",5,0.833333333333333,"Italy",39279.699782164,1.8596431753596,1.37935,61.56,952.713803909769,FALSE,41.9028,12.4964,42.7156861458039,12.2010485047317,36
"LA","R26","2","Lazio","Italy","Europe","Multi- grain & vegetable","Pasture & mixed cropping","Artificial Water Sources",1,"R26-2",5,0.833333333333333,"Italy",39279.699782164,1.8596431753596,1.37935,61.56,952.713803909769,FALSE,41.9028,12.4964,42.7156861458039,12.2010485047317,36
"LA","R26","2","Lazio","Italy","Europe","Multi- grain & vegetable","Pasture & mixed cropping","Acoustic Bat Lure",0,"R26-2",5,0.833333333333333,"Italy",39279.699782164,1.8596431753596,1.37935,61.56,952.713803909769,FALSE,41.9028,12.4964,42.7156861458039,12.2010485047317,36
"MC","R28","1","New South Wales","Australia","Australasia / Pacific","Cotton","Field crops","Artificial Roost",0,"R28-1",4,0.666666666666667,"Australia",65058.3773146674,2.57169831894523,1.85783,59.4,670.612655136355,FALSE,-29.4658,149.8412,-25.7641815523079,134.303829123934,81
"MC","R28","1","New South Wales","Australia","Australasia / Pacific","Cotton","Field crops","Agrochemical Reduction",1,"R28-1",4,0.666666666666667,"Australia",65058.3773146674,2.57169831894523,1.85783,59.4,670.612655136355,FALSE,-29.4658,149.8412,-25.7641815523079,134.303829123934,81
"MC","R28","1","New South Wales","Australia","Australasia / Pacific","Cotton","Field crops","Revegetation",1,"R28-1",4,0.666666666666667,"Australia",65058.3773146674,2.57169831894523,1.85783,59.4,670.612655136355,FALSE,-29.4658,149.8412,-25.7641815523079,134.303829123934,81
"MC","R28","1","New South Wales","Australia","Australasia / Pacific","Cotton","Field crops","Bat Education",1,"R28-1",4,0.666666666666667,"Australia",65058.3773146674,2.57169831894523,1.85783,59.4,670.612655136355,FALSE,-29.4658,149.8412,-25.7641815523079,134.303829123934,81
"MC","R28","1","New South Wales","Australia","Australasia / Pacific","Cotton","Field crops","Artificial Water Sources",1,"R28-1",4,0.666666666666667,"Australia",65058.3773146674,2.57169831894523,1.85783,59.4,670.612655136355,FALSE,-29.4658,149.8412,-25.7641815523079,134.303829123934,81
"MC","R28","1","New South Wales","Australia","Australasia / Pacific","Cotton","Field crops","Acoustic Bat Lure",0,"R28-1",4,0.666666666666667,"Australia",65058.3773146674,2.57169831894523,1.85783,59.4,670.612655136355,FALSE,-29.4658,149.8412,-25.7641815523079,134.303829123934,81
"N","R29","1","Zacatecas","Mexico","Latin America / Caribbean","Multi- crop","Pasture & mixed cropping","Artificial Roost",2,"R29-1",4,0.666666666666667,"Mexico",13830.843848864,3.84569758598285,0.26746,46.09,508.188663304649,FALSE,22.7709,-102.5832,23.9241551848632,-102.170985323958,144
"N","R29","1","Zacatecas","Mexico","Latin America / Caribbean","Multi- crop","Pasture & mixed cropping","Agrochemical Reduction",0,"R29-1",4,0.666666666666667,"Mexico",13830.843848864,3.84569758598285,0.26746,46.09,508.188663304649,FALSE,22.7709,-102.5832,23.9241551848632,-102.170985323958,144
"N","R29","1","Zacatecas","Mexico","Latin America / Caribbean","Multi- crop","Pasture & mixed cropping","Revegetation",1,"R29-1",4,0.666666666666667,"Mexico",13830.843848864,3.84569758598285,0.26746,46.09,508.188663304649,FALSE,22.7709,-102.5832,23.9241551848632,-102.170985323958,144
"N","R29","1","Zacatecas","Mexico","Latin America / Caribbean","Multi- crop","Pasture & mixed cropping","Bat Education",1,"R29-1",4,0.666666666666667,"Mexico",13830.843848864,3.84569758598285,0.26746,46.09,508.188663304649,FALSE,22.7709,-102.5832,23.9241551848632,-102.170985323958,144
"N","R29","1","Zacatecas","Mexico","Latin America / Caribbean","Multi- crop","Pasture & mixed cropping","Artificial Water Sources",0,"R29-1",4,0.666666666666667,"Mexico",13830.843848864,3.84569758598285,0.26746,46.09,508.188663304649,FALSE,22.7709,-102.5832,23.9241551848632,-102.170985323958,144
"N","R29","1","Zacatecas","Mexico","Latin America / Caribbean","Multi- crop","Pasture & mixed cropping","Acoustic Bat Lure",0,"R29-1",4,0.666666666666667,"Mexico",13830.843848864,3.84569758598285,0.26746,46.09,508.188663304649,FALSE,22.7709,-102.5832,23.9241551848632,-102.170985323958,144
"PT","R30","1","Multi-region: Limpopo & Free State","South Africa","Africa","Litchees","Perennial fruit & forestry crops","Artificial Roost",2,"R30-1",3,0.5,"South Africa",6034.27208964673,2.53517112309848,0.61479,37.6,243.487133597788,FALSE,-22.9375,30.4844,-28.9742085144411,25.1934382241476,60
"PT","R30","1","Multi-region: Limpopo & Free State","South Africa","Africa","Litchees","Perennial fruit & forestry crops","Agrochemical Reduction",0,"R30-1",3,0.5,"South Africa",6034.27208964673,2.53517112309848,0.61479,37.6,243.487133597788,FALSE,-22.9375,30.4844,-28.9742085144411,25.1934382241476,60
"PT","R30","1","Multi-region: Limpopo & Free State","South Africa","Africa","Litchees","Perennial fruit & forestry crops","Revegetation",0,"R30-1",3,0.5,"South Africa",6034.27208964673,2.53517112309848,0.61479,37.6,243.487133597788,FALSE,-22.9375,30.4844,-28.9742085144411,25.1934382241476,60
"PT","R30","1","Multi-region: Limpopo & Free State","South Africa","Africa","Litchees","Perennial fruit & forestry crops","Bat Education",1,"R30-1",3,0.5,"South Africa",6034.27208964673,2.53517112309848,0.61479,37.6,243.487133597788,FALSE,-22.9375,30.4844,-28.9742085144411,25.1934382241476,60
"PT","R30","1","Multi-region: Limpopo & Free State","South Africa","Africa","Litchees","Perennial fruit & forestry crops","Artificial Water Sources",0,"R30-1",3,0.5,"South Africa",6034.27208964673,2.53517112309848,0.61479,37.6,243.487133597788,FALSE,-22.9375,30.4844,-28.9742085144411,25.1934382241476,60
"PT","R30","1","Multi-region: Limpopo & Free State","South Africa","Africa","Litchees","Perennial fruit & forestry crops","Acoustic Bat Lure",0,"R30-1",3,0.5,"South Africa",6034.27208964673,2.53517112309848,0.61479,37.6,243.487133597788,FALSE,-22.9375,30.4844,-28.9742085144411,25.1934382241476,60
"PT","R30","2","Multi-region: Limpopo & Free State","South Africa","Africa","Macadamia","Perennial fruit & forestry crops","Artificial Roost",1,"R30-2",2,0.333333333333333,"South Africa",6034.27208964673,2.53517112309848,0.61479,37.6,243.487133597788,FALSE,NA,NA,-28.9742085144411,25.1934382241476,60
"PT","R30","2","Multi-region: Limpopo & Free State","South Africa","Africa","Macadamia","Perennial fruit & forestry crops","Agrochemical Reduction",0,"R30-2",2,0.333333333333333,"South Africa",6034.27208964673,2.53517112309848,0.61479,37.6,243.487133597788,FALSE,NA,NA,-28.9742085144411,25.1934382241476,60
"PT","R30","2","Multi-region: Limpopo & Free State","South Africa","Africa","Macadamia","Perennial fruit & forestry crops","Revegetation",0,"R30-2",2,0.333333333333333,"South Africa",6034.27208964673,2.53517112309848,0.61479,37.6,243.487133597788,FALSE,NA,NA,-28.9742085144411,25.1934382241476,60
"PT","R30","2","Multi-region: Limpopo & Free State","South Africa","Africa","Macadamia","Perennial fruit & forestry crops","Bat Education",1,"R30-2",2,0.333333333333333,"South Africa",6034.27208964673,2.53517112309848,0.61479,37.6,243.487133597788,FALSE,NA,NA,-28.9742085144411,25.1934382241476,60
"PT","R30","2","Multi-region: Limpopo & Free State","South Africa","Africa","Macadamia","Perennial fruit & forestry crops","Artificial Water Sources",0,"R30-2",2,0.333333333333333,"South Africa",6034.27208964673,2.53517112309848,0.61479,37.6,243.487133597788,FALSE,NA,NA,-28.9742085144411,25.1934382241476,60
"PT","R30","2","Multi-region: Limpopo & Free State","South Africa","Africa","Macadamia","Perennial fruit & forestry crops","Acoustic Bat Lure",0,"R30-2",2,0.333333333333333,"South Africa",6034.27208964673,2.53517112309848,0.61479,37.6,243.487133597788,FALSE,NA,NA,-28.9742085144411,25.1934382241476,60
"RD","R31","1","Queensland","Australia","Australasia / Pacific","Macadamia","Perennial fruit & forestry crops","Artificial Roost",0,"R31-1",1,0.166666666666667,"Australia",65058.3773146674,2.57169831894523,1.85783,59.4,670.612655136355,FALSE,-26.8583,152.9588,-25.7641815523079,134.303829123934,81
"RD","R31","1","Queensland","Australia","Australasia / Pacific","Macadamia","Perennial fruit & forestry crops","Agrochemical Reduction",0,"R31-1",1,0.166666666666667,"Australia",65058.3773146674,2.57169831894523,1.85783,59.4,670.612655136355,FALSE,-26.8583,152.9588,-25.7641815523079,134.303829123934,81
"RD","R31","1","Queensland","Australia","Australasia / Pacific","Macadamia","Perennial fruit & forestry crops","Revegetation",0,"R31-1",1,0.166666666666667,"Australia",65058.3773146674,2.57169831894523,1.85783,59.4,670.612655136355,FALSE,-26.8583,152.9588,-25.7641815523079,134.303829123934,81
"RD","R31","1","Queensland","Australia","Australasia / Pacific","Macadamia","Perennial fruit & forestry crops","Bat Education",1,"R31-1",1,0.166666666666667,"Australia",65058.3773146674,2.57169831894523,1.85783,59.4,670.612655136355,FALSE,-26.8583,152.9588,-25.7641815523079,134.303829123934,81
"RD","R31","1","Queensland","Australia","Australasia / Pacific","Macadamia","Perennial fruit & forestry crops","Artificial Water Sources",0,"R31-1",1,0.166666666666667,"Australia",65058.3773146674,2.57169831894523,1.85783,59.4,670.612655136355,FALSE,-26.8583,152.9588,-25.7641815523079,134.303829123934,81
"RD","R31","1","Queensland","Australia","Australasia / Pacific","Macadamia","Perennial fruit & forestry crops","Acoustic Bat Lure",0,"R31-1",1,0.166666666666667,"Australia",65058.3773146674,2.57169831894523,1.85783,59.4,670.612655136355,FALSE,-26.8583,152.9588,-25.7641815523079,134.303829123934,81
"SZ","R32","1","Central-Transdanubian Region","Hungary","Europe","Vineyard","Vineyard","Artificial Roost",0,"R32-1",3,0.5,"Hungary",22208.6509820466,2.92753080419927,1.37748,54.78,87.9120872804346,FALSE,46.7679,17.2437,47.1659125111368,19.3792677656756,29
"SZ","R32","1","Central-Transdanubian Region","Hungary","Europe","Vineyard","Vineyard","Agrochemical Reduction",3,"R32-1",3,0.5,"Hungary",22208.6509820466,2.92753080419927,1.37748,54.78,87.9120872804346,FALSE,46.7679,17.2437,47.1659125111368,19.3792677656756,29
"SZ","R32","1","Central-Transdanubian Region","Hungary","Europe","Vineyard","Vineyard","Revegetation",0,"R32-1",3,0.5,"Hungary",22208.6509820466,2.92753080419927,1.37748,54.78,87.9120872804346,FALSE,46.7679,17.2437,47.1659125111368,19.3792677656756,29
"SZ","R32","1","Central-Transdanubian Region","Hungary","Europe","Vineyard","Vineyard","Bat Education",0,"R32-1",3,0.5,"Hungary",22208.6509820466,2.92753080419927,1.37748,54.78,87.9120872804346,FALSE,46.7679,17.2437,47.1659125111368,19.3792677656756,29
"SZ","R32","1","Central-Transdanubian Region","Hungary","Europe","Vineyard","Vineyard","Artificial Water Sources",0,"R32-1",3,0.5,"Hungary",22208.6509820466,2.92753080419927,1.37748,54.78,87.9120872804346,FALSE,46.7679,17.2437,47.1659125111368,19.3792677656756,29
"SZ","R32","1","Central-Transdanubian Region","Hungary","Europe","Vineyard","Vineyard","Acoustic Bat Lure",0,"R32-1",3,0.5,"Hungary",22208.6509820466,2.92753080419927,1.37748,54.78,87.9120872804346,FALSE,46.7679,17.2437,47.1659125111368,19.3792677656756,29
"ST","R33","1","Vanua Levu","Fiji","Australasia / Pacific","Multi- crop","Pasture & mixed cropping","Artificial Roost",0,"R33-1",3,0.5,"Fiji",5926.20586394763,12.8245910153207,NA,35.54,7.35270425185661,FALSE,-16.4333,179.3667,-17.4275460095833,178.512028234471,6
"ST","R33","1","Vanua Levu","Fiji","Australasia / Pacific","Multi- crop","Pasture & mixed cropping","Agrochemical Reduction",0,"R33-1",3,0.5,"Fiji",5926.20586394763,12.8245910153207,NA,35.54,7.35270425185661,FALSE,-16.4333,179.3667,-17.4275460095833,178.512028234471,6
"ST","R33","1","Vanua Levu","Fiji","Australasia / Pacific","Multi- crop","Pasture & mixed cropping","Revegetation",1,"R33-1",3,0.5,"Fiji",5926.20586394763,12.8245910153207,NA,35.54,7.35270425185661,FALSE,-16.4333,179.3667,-17.4275460095833,178.512028234471,6
"ST","R33","1","Vanua Levu","Fiji","Australasia / Pacific","Multi- crop","Pasture & mixed cropping","Bat Education",2,"R33-1",3,0.5,"Fiji",5926.20586394763,12.8245910153207,NA,35.54,7.35270425185661,FALSE,-16.4333,179.3667,-17.4275460095833,178.512028234471,6
"ST","R33","1","Vanua Levu","Fiji","Australasia / Pacific","Multi- crop","Pasture & mixed cropping","Artificial Water Sources",0,"R33-1",3,0.5,"Fiji",5926.20586394763,12.8245910153207,NA,35.54,7.35270425185661,FALSE,-16.4333,179.3667,-17.4275460095833,178.512028234471,6
"ST","R33","1","Vanua Levu","Fiji","Australasia / Pacific","Multi- crop","Pasture & mixed cropping","Acoustic Bat Lure",0,"R33-1",3,0.5,"Fiji",5926.20586394763,12.8245910153207,NA,35.54,7.35270425185661,FALSE,-16.4333,179.3667,-17.4275460095833,178.512028234471,6
"SP","R34","1","New South Wales","Australia","Australasia / Pacific","Multi- crop","Pasture & mixed cropping","Artificial Roost",0,"R34-1",3,0.5,"Australia",65058.3773146674,2.57169831894523,1.85783,59.4,670.612655136355,FALSE,-29.4658,149.8412,-25.7641815523079,134.303829123934,81
"SP","R34","1","New South Wales","Australia","Australasia / Pacific","Multi- crop","Pasture & mixed cropping","Agrochemical Reduction",0,"R34-1",3,0.5,"Australia",65058.3773146674,2.57169831894523,1.85783,59.4,670.612655136355,FALSE,-29.4658,149.8412,-25.7641815523079,134.303829123934,81
"SP","R34","1","New South Wales","Australia","Australasia / Pacific","Multi- crop","Pasture & mixed cropping","Revegetation",0,"R34-1",3,0.5,"Australia",65058.3773146674,2.57169831894523,1.85783,59.4,670.612655136355,FALSE,-29.4658,149.8412,-25.7641815523079,134.303829123934,81
"SP","R34","1","New South Wales","Australia","Australasia / Pacific","Multi- crop","Pasture & mixed cropping","Bat Education",3,"R34-1",3,0.5,"Australia",65058.3773146674,2.57169831894523,1.85783,59.4,670.612655136355,FALSE,-29.4658,149.8412,-25.7641815523079,134.303829123934,81
"SP","R34","1","New South Wales","Australia","Australasia / Pacific","Multi- crop","Pasture & mixed cropping","Artificial Water Sources",0,"R34-1",3,0.5,"Australia",65058.3773146674,2.57169831894523,1.85783,59.4,670.612655136355,FALSE,-29.4658,149.8412,-25.7641815523079,134.303829123934,81
"SP","R34","1","New South Wales","Australia","Australasia / Pacific","Multi- crop","Pasture & mixed cropping","Acoustic Bat Lure",0,"R34-1",3,0.5,"Australia",65058.3773146674,2.57169831894523,1.85783,59.4,670.612655136355,FALSE,-29.4658,149.8412,-25.7641815523079,134.303829123934,81
"TT","R35","2","Piura","Peru","Latin America / Caribbean","Agroforestry cacao","Agroforestry cacao","Artificial Roost",0,"R35-2",5,0.833333333333333,"Peru",7919.04634828547,7.22315955429279,0.17611,41.01,93.727296106182,FALSE,-5.1945,-80.6328,-9.10714962725944,-74.420741589475,178
"TT","R35","2","Piura","Peru","Latin America / Caribbean","Agroforestry cacao","Agroforestry cacao","Agrochemical Reduction",3,"R35-2",5,0.833333333333333,"Peru",7919.04634828547,7.22315955429279,0.17611,41.01,93.727296106182,FALSE,-5.1945,-80.6328,-9.10714962725944,-74.420741589475,178
"TT","R35","2","Piura","Peru","Latin America / Caribbean","Agroforestry cacao","Agroforestry cacao","Revegetation",0,"R35-2",5,0.833333333333333,"Peru",7919.04634828547,7.22315955429279,0.17611,41.01,93.727296106182,FALSE,-5.1945,-80.6328,-9.10714962725944,-74.420741589475,178
"TT","R35","2","Piura","Peru","Latin America / Caribbean","Agroforestry cacao","Agroforestry cacao","Bat Education",2,"R35-2",5,0.833333333333333,"Peru",7919.04634828547,7.22315955429279,0.17611,41.01,93.727296106182,FALSE,-5.1945,-80.6328,-9.10714962725944,-74.420741589475,178
"TT","R35","2","Piura","Peru","Latin America / Caribbean","Agroforestry cacao","Agroforestry cacao","Artificial Water Sources",0,"R35-2",5,0.833333333333333,"Peru",7919.04634828547,7.22315955429279,0.17611,41.01,93.727296106182,FALSE,-5.1945,-80.6328,-9.10714962725944,-74.420741589475,178
"TT","R35","2","Piura","Peru","Latin America / Caribbean","Agroforestry cacao","Agroforestry cacao","Acoustic Bat Lure",0,"R35-2",5,0.833333333333333,"Peru",7919.04634828547,7.22315955429279,0.17611,41.01,93.727296106182,FALSE,-5.1945,-80.6328,-9.10714962725944,-74.420741589475,178
"TT","R35","3","Limpopo","South Africa","Africa","Macadamia","Perennial fruit & forestry crops","Artificial Roost",2,"R35-3",4,0.666666666666667,"South Africa",6034.27208964673,2.53517112309848,0.61479,37.6,243.487133597788,FALSE,-23.05,30.3667,-28.9742085144411,25.1934382241476,60
"TT","R35","3","Limpopo","South Africa","Africa","Macadamia","Perennial fruit & forestry crops","Agrochemical Reduction",0,"R35-3",4,0.666666666666667,"South Africa",6034.27208964673,2.53517112309848,0.61479,37.6,243.487133597788,FALSE,-23.05,30.3667,-28.9742085144411,25.1934382241476,60
"TT","R35","3","Limpopo","South Africa","Africa","Macadamia","Perennial fruit & forestry crops","Revegetation",0,"R35-3",4,0.666666666666667,"South Africa",6034.27208964673,2.53517112309848,0.61479,37.6,243.487133597788,FALSE,-23.05,30.3667,-28.9742085144411,25.1934382241476,60
"TT","R35","3","Limpopo","South Africa","Africa","Macadamia","Perennial fruit & forestry crops","Bat Education",2,"R35-3",4,0.666666666666667,"South Africa",6034.27208964673,2.53517112309848,0.61479,37.6,243.487133597788,FALSE,-23.05,30.3667,-28.9742085144411,25.1934382241476,60
"TT","R35","3","Limpopo","South Africa","Africa","Macadamia","Perennial fruit & forestry crops","Artificial Water Sources",0,"R35-3",4,0.666666666666667,"South Africa",6034.27208964673,2.53517112309848,0.61479,37.6,243.487133597788,FALSE,-23.05,30.3667,-28.9742085144411,25.1934382241476,60
"TT","R35","3","Limpopo","South Africa","Africa","Macadamia","Perennial fruit & forestry crops","Acoustic Bat Lure",0,"R35-3",4,0.666666666666667,"South Africa",6034.27208964673,2.53517112309848,0.61479,37.6,243.487133597788,FALSE,-23.05,30.3667,-28.9742085144411,25.1934382241476,60
"TT","R35","1","Central Sulawesi","Indonesia","South / Southeast Asia","Agroforestry cacao","Agroforestry cacao","Artificial Roost",0,"R35-1",1,0.166666666666667,"Indonesia",4876.2992959843,12.5294431866213,0.28068,26.24,632.633100360358,FALSE,-0.8917,119.8707,-2.26406781358278,117.179729805139,232
"TT","R35","1","Central Sulawesi","Indonesia","South / Southeast Asia","Agroforestry cacao","Agroforestry cacao","Agrochemical Reduction",0,"R35-1",1,0.166666666666667,"Indonesia",4876.2992959843,12.5294431866213,0.28068,26.24,632.633100360358,FALSE,-0.8917,119.8707,-2.26406781358278,117.179729805139,232
"TT","R35","1","Central Sulawesi","Indonesia","South / Southeast Asia","Agroforestry cacao","Agroforestry cacao","Revegetation",0,"R35-1",1,0.166666666666667,"Indonesia",4876.2992959843,12.5294431866213,0.28068,26.24,632.633100360358,FALSE,-0.8917,119.8707,-2.26406781358278,117.179729805139,232
"TT","R35","1","Central Sulawesi","Indonesia","South / Southeast Asia","Agroforestry cacao","Agroforestry cacao","Bat Education",1,"R35-1",1,0.166666666666667,"Indonesia",4876.2992959843,12.5294431866213,0.28068,26.24,632.633100360358,FALSE,-0.8917,119.8707,-2.26406781358278,117.179729805139,232
"TT","R35","1","Central Sulawesi","Indonesia","South / Southeast Asia","Agroforestry cacao","Agroforestry cacao","Artificial Water Sources",0,"R35-1",1,0.166666666666667,"Indonesia",4876.2992959843,12.5294431866213,0.28068,26.24,632.633100360358,FALSE,-0.8917,119.8707,-2.26406781358278,117.179729805139,232
"TT","R35","1","Central Sulawesi","Indonesia","South / Southeast Asia","Agroforestry cacao","Agroforestry cacao","Acoustic Bat Lure",0,"R35-1",1,0.166666666666667,"Indonesia",4876.2992959843,12.5294431866213,0.28068,26.24,632.633100360358,FALSE,-0.8917,119.8707,-2.26406781358278,117.179729805139,232
"TJ","R36","1","Multi-region: Jilin province, yunnan province, henan province, shandong provinc & shanxi province","China","East Asia","Multi- crop","Pasture & mixed cropping","Artificial Roost",1,"R36-1",3,0.5,"China",12951.1782397043,6.88951941080068,2.57729,33.88,7963.6834961115,FALSE,34.7466,113.6254,36.6914066934515,103.378049539793,147
"TJ","R36","1","Multi-region: Jilin province, yunnan province, henan province, shandong provinc & shanxi province","China","East Asia","Multi- crop","Pasture & mixed cropping","Agrochemical Reduction",0,"R36-1",3,0.5,"China",12951.1782397043,6.88951941080068,2.57729,33.88,7963.6834961115,FALSE,34.7466,113.6254,36.6914066934515,103.378049539793,147
"TJ","R36","1","Multi-region: Jilin province, yunnan province, henan province, shandong provinc & shanxi province","China","East Asia","Multi- crop","Pasture & mixed cropping","Revegetation",1,"R36-1",3,0.5,"China",12951.1782397043,6.88951941080068,2.57729,33.88,7963.6834961115,FALSE,34.7466,113.6254,36.6914066934515,103.378049539793,147
"TJ","R36","1","Multi-region: Jilin province, yunnan province, henan province, shandong provinc & shanxi province","China","East Asia","Multi- crop","Pasture & mixed cropping","Bat Education",0,"R36-1",3,0.5,"China",12951.1782397043,6.88951941080068,2.57729,33.88,7963.6834961115,FALSE,34.7466,113.6254,36.6914066934515,103.378049539793,147
"TJ","R36","1","Multi-region: Jilin province, yunnan province, henan province, shandong provinc & shanxi province","China","East Asia","Multi- crop","Pasture & mixed cropping","Artificial Water Sources",1,"R36-1",3,0.5,"China",12951.1782397043,6.88951941080068,2.57729,33.88,7963.6834961115,FALSE,34.7466,113.6254,36.6914066934515,103.378049539793,147
"TJ","R36","1","Multi-region: Jilin province, yunnan province, henan province, shandong provinc & shanxi province","China","East Asia","Multi- crop","Pasture & mixed cropping","Acoustic Bat Lure",0,"R36-1",3,0.5,"China",12951.1782397043,6.88951941080068,2.57729,33.88,7963.6834961115,FALSE,34.7466,113.6254,36.6914066934515,103.378049539793,147
"XP","R37","1","Catalonia","Spain","Europe","Olive groves","Perennial fruit & forestry crops","Artificial Roost",1,"R37-1",6,1,"Spain",33493.2225409111,2.6062235563618,1.49362,66.28,634.407802466939,FALSE,41.3851,2.1734,40.2076539840155,-3.70353625253203,35
"XP","R37","1","Catalonia","Spain","Europe","Olive groves","Perennial fruit & forestry crops","Agrochemical Reduction",1,"R37-1",6,1,"Spain",33493.2225409111,2.6062235563618,1.49362,66.28,634.407802466939,FALSE,41.3851,2.1734,40.2076539840155,-3.70353625253203,35
"XP","R37","1","Catalonia","Spain","Europe","Olive groves","Perennial fruit & forestry crops","Revegetation",3,"R37-1",6,1,"Spain",33493.2225409111,2.6062235563618,1.49362,66.28,634.407802466939,FALSE,41.3851,2.1734,40.2076539840155,-3.70353625253203,35
"XP","R37","1","Catalonia","Spain","Europe","Olive groves","Perennial fruit & forestry crops","Bat Education",1,"R37-1",6,1,"Spain",33493.2225409111,2.6062235563618,1.49362,66.28,634.407802466939,FALSE,41.3851,2.1734,40.2076539840155,-3.70353625253203,35
"XP","R37","1","Catalonia","Spain","Europe","Olive groves","Perennial fruit & forestry crops","Artificial Water Sources",0,"R37-1",6,1,"Spain",33493.2225409111,2.6062235563618,1.49362,66.28,634.407802466939,FALSE,41.3851,2.1734,40.2076539840155,-3.70353625253203,35
"XP","R37","1","Catalonia","Spain","Europe","Olive groves","Perennial fruit & forestry crops","Acoustic Bat Lure",0,"R37-1",6,1,"Spain",33493.2225409111,2.6062235563618,1.49362,66.28,634.407802466939,FALSE,41.3851,2.1734,40.2076539840155,-3.70353625253203,35
"XP","R37","2","Catalonia","Spain","Europe","Rice","Grain crops","Artificial Roost",1,"R37-2",3,0.5,"Spain",33493.2225409111,2.6062235563618,1.49362,66.28,634.407802466939,FALSE,41.3851,2.1734,40.2076539840155,-3.70353625253203,35
"XP","R37","2","Catalonia","Spain","Europe","Rice","Grain crops","Agrochemical Reduction",1,"R37-2",3,0.5,"Spain",33493.2225409111,2.6062235563618,1.49362,66.28,634.407802466939,FALSE,41.3851,2.1734,40.2076539840155,-3.70353625253203,35
"XP","R37","2","Catalonia","Spain","Europe","Rice","Grain crops","Revegetation",0,"R37-2",3,0.5,"Spain",33493.2225409111,2.6062235563618,1.49362,66.28,634.407802466939,FALSE,41.3851,2.1734,40.2076539840155,-3.70353625253203,35
"XP","R37","2","Catalonia","Spain","Europe","Rice","Grain crops","Bat Education",1,"R37-2",3,0.5,"Spain",33493.2225409111,2.6062235563618,1.49362,66.28,634.407802466939,FALSE,41.3851,2.1734,40.2076539840155,-3.70353625253203,35
"XP","R37","2","Catalonia","Spain","Europe","Rice","Grain crops","Artificial Water Sources",0,"R37-2",3,0.5,"Spain",33493.2225409111,2.6062235563618,1.49362,66.28,634.407802466939,FALSE,41.3851,2.1734,40.2076539840155,-3.70353625253203,35
"XP","R37","2","Catalonia","Spain","Europe","Rice","Grain crops","Acoustic Bat Lure",0,"R37-2",3,0.5,"Spain",33493.2225409111,2.6062235563618,1.49362,66.28,634.407802466939,FALSE,41.3851,2.1734,40.2076539840155,-3.70353625253203,35
"XP","R37","3","Catalonia","Spain","Europe","Vineyard","Vineyard","Artificial Roost",2,"R37-3",5,0.833333333333333,"Spain",33493.2225409111,2.6062235563618,1.49362,66.28,634.407802466939,FALSE,41.3851,2.1734,40.2076539840155,-3.70353625253203,35
"XP","R37","3","Catalonia","Spain","Europe","Vineyard","Vineyard","Agrochemical Reduction",1,"R37-3",5,0.833333333333333,"Spain",33493.2225409111,2.6062235563618,1.49362,66.28,634.407802466939,FALSE,41.3851,2.1734,40.2076539840155,-3.70353625253203,35
"XP","R37","3","Catalonia","Spain","Europe","Vineyard","Vineyard","Revegetation",1,"R37-3",5,0.833333333333333,"Spain",33493.2225409111,2.6062235563618,1.49362,66.28,634.407802466939,FALSE,41.3851,2.1734,40.2076539840155,-3.70353625253203,35
"XP","R37","3","Catalonia","Spain","Europe","Vineyard","Vineyard","Bat Education",1,"R37-3",5,0.833333333333333,"Spain",33493.2225409111,2.6062235563618,1.49362,66.28,634.407802466939,FALSE,41.3851,2.1734,40.2076539840155,-3.70353625253203,35
"XP","R37","3","Catalonia","Spain","Europe","Vineyard","Vineyard","Artificial Water Sources",0,"R37-3",5,0.833333333333333,"Spain",33493.2225409111,2.6062235563618,1.49362,66.28,634.407802466939,FALSE,41.3851,2.1734,40.2076539840155,-3.70353625253203,35
"XP","R37","3","Catalonia","Spain","Europe","Vineyard","Vineyard","Acoustic Bat Lure",0,"R37-3",5,0.833333333333333,"Spain",33493.2225409111,2.6062235563618,1.49362,66.28,634.407802466939,FALSE,41.3851,2.1734,40.2076539840155,-3.70353625253203,35
"ZC & HK","R38","1","Multi-region: New South Wales & Victoria","Australia","Australasia / Pacific","Vineyard","Vineyard","Artificial Roost",0,"R38-1",3,0.5,"Australia",65058.3773146674,2.57169831894523,1.85783,59.4,670.612655136355,FALSE,-37.8136,144.9631,-25.7641815523079,134.303829123934,81
"ZC & HK","R38","1","Multi-region: New South Wales & Victoria","Australia","Australasia / Pacific","Vineyard","Vineyard","Agrochemical Reduction",1,"R38-1",3,0.5,"Australia",65058.3773146674,2.57169831894523,1.85783,59.4,670.612655136355,FALSE,-37.8136,144.9631,-25.7641815523079,134.303829123934,81
"ZC & HK","R38","1","Multi-region: New South Wales & Victoria","Australia","Australasia / Pacific","Vineyard","Vineyard","Revegetation",1,"R38-1",3,0.5,"Australia",65058.3773146674,2.57169831894523,1.85783,59.4,670.612655136355,FALSE,-37.8136,144.9631,-25.7641815523079,134.303829123934,81
"ZC & HK","R38","1","Multi-region: New South Wales & Victoria","Australia","Australasia / Pacific","Vineyard","Vineyard","Bat Education",1,"R38-1",3,0.5,"Australia",65058.3773146674,2.57169831894523,1.85783,59.4,670.612655136355,FALSE,-37.8136,144.9631,-25.7641815523079,134.303829123934,81
"ZC & HK","R38","1","Multi-region: New South Wales & Victoria","Australia","Australasia / Pacific","Vineyard","Vineyard","Artificial Water Sources",0,"R38-1",3,0.5,"Australia",65058.3773146674,2.57169831894523,1.85783,59.4,670.612655136355,FALSE,-37.8136,144.9631,-25.7641815523079,134.303829123934,81
"ZC & HK","R38","1","Multi-region: New South Wales & Victoria","Australia","Australasia / Pacific","Vineyard","Vineyard","Acoustic Bat Lure",0,"R38-1",3,0.5,"Australia",65058.3773146674,2.57169831894523,1.85783,59.4,670.612655136355,FALSE,-37.8136,144.9631,-25.7641815523079,134.303829123934,81
"HT","R39",NA,NA,NA,NA,NA,NA,"Artificial Roost",NA,"R39-NA",0,NA,NA,NA,NA,NA,NA,NA,NA,NA,NA,NA,NA,NA
"HT","R39",NA,NA,NA,NA,NA,NA,"Agrochemical Reduction",NA,"R39-NA",0,NA,NA,NA,NA,NA,NA,NA,NA,NA,NA,NA,NA,NA
"HT","R39",NA,NA,NA,NA,NA,NA,"Revegetation",NA,"R39-NA",0,NA,NA,NA,NA,NA,NA,NA,NA,NA,NA,NA,NA,NA
"HT","R39",NA,NA,NA,NA,NA,NA,"Bat Education",NA,"R39-NA",0,NA,NA,NA,NA,NA,NA,NA,NA,NA,NA,NA,NA,NA
"HT","R39",NA,NA,NA,NA,NA,NA,"Artificial Water Sources",NA,"R39-NA",0,NA,NA,NA,NA,NA,NA,NA,NA,NA,NA,NA,NA,NA
"HT","R39",NA,NA,NA,NA,NA,NA,"Acoustic Bat Lure",NA,"R39-NA",0,NA,NA,NA,NA,NA,NA,NA,NA,NA,NA,NA,NA,NA
"YL","R40",NA,NA,NA,NA,NA,NA,"Artificial Roost",NA,"R40-NA",0,0,NA,NA,NA,NA,NA,NA,NA,NA,NA,NA,NA,NA
"YL","R40",NA,NA,NA,NA,NA,NA,"Agrochemical Reduction",NA,"R40-NA",0,0,NA,NA,NA,NA,NA,NA,NA,NA,NA,NA,NA,NA
"YL","R40",NA,NA,NA,NA,NA,NA,"Revegetation",NA,"R40-NA",0,0,NA,NA,NA,NA,NA,NA,NA,NA,NA,NA,NA,NA
"YL","R40",NA,NA,NA,NA,NA,NA,"Bat Education",NA,"R40-NA",0,0,NA,NA,NA,NA,NA,NA,NA,NA,NA,NA,NA,NA
"YL","R40",NA,NA,NA,NA,NA,NA,"Artificial Water Sources",0,"R40-NA",0,0,NA,NA,NA,NA,NA,NA,NA,NA,NA,NA,NA,NA
"YL","R40",NA,NA,NA,NA,NA,NA,"Acoustic Bat Lure",0,"R40-NA",0,0,NA,NA,NA,NA,NA,NA,NA,NA,NA,NA,NA,NA
"BM","R41",NA,NA,NA,NA,NA,NA,"Artificial Roost",NA,"R41-NA",0,NA,NA,NA,NA,NA,NA,NA,NA,NA,NA,NA,NA,NA
"BM","R41",NA,NA,NA,NA,NA,NA,"Agrochemical Reduction",NA,"R41-NA",0,NA,NA,NA,NA,NA,NA,NA,NA,NA,NA,NA,NA,NA
"BM","R41",NA,NA,NA,NA,NA,NA,"Revegetation",NA,"R41-NA",0,NA,NA,NA,NA,NA,NA,NA,NA,NA,NA,NA,NA,NA
"BM","R41",NA,NA,NA,NA,NA,NA,"Bat Education",NA,"R41-NA",0,NA,NA,NA,NA,NA,NA,NA,NA,NA,NA,NA,NA,NA
"BM","R41",NA,NA,NA,NA,NA,NA,"Artificial Water Sources",NA,"R41-NA",0,NA,NA,NA,NA,NA,NA,NA,NA,NA,NA,NA,NA,NA
"BM","R41",NA,NA,NA,NA,NA,NA,"Acoustic Bat Lure",NA,"R41-NA",0,NA,NA,NA,NA,NA,NA,NA,NA,NA,NA,NA,NA,NA
"OH","R42",NA,NA,NA,NA,NA,NA,"Artificial Roost",NA,"R42-NA",0,NA,NA,NA,NA,NA,NA,NA,NA,NA,NA,NA,NA,NA
"OH","R42",NA,NA,NA,NA,NA,NA,"Agrochemical Reduction",NA,"R42-NA",0,NA,NA,NA,NA,NA,NA,NA,NA,NA,NA,NA,NA,NA
"OH","R42",NA,NA,NA,NA,NA,NA,"Revegetation",NA,"R42-NA",0,NA,NA,NA,NA,NA,NA,NA,NA,NA,NA,NA,NA,NA
"OH","R42",NA,NA,NA,NA,NA,NA,"Bat Education",NA,"R42-NA",0,NA,NA,NA,NA,NA,NA,NA,NA,NA,NA,NA,NA,NA
"OH","R42",NA,NA,NA,NA,NA,NA,"Artificial Water Sources",NA,"R42-NA",0,NA,NA,NA,NA,NA,NA,NA,NA,NA,NA,NA,NA,NA
"OH","R42",NA,NA,NA,NA,NA,NA,"Acoustic Bat Lure",NA,"R42-NA",0,NA,NA,NA,NA,NA,NA,NA,NA,NA,NA,NA,NA,NA
"KR","R43",NA,NA,NA,NA,NA,NA,"Artificial Roost",NA,"R43-NA",0,NA,NA,NA,NA,NA,NA,NA,NA,NA,NA,NA,NA,NA
"KR","R43",NA,NA,NA,NA,NA,NA,"Agrochemical Reduction",NA,"R43-NA",0,NA,NA,NA,NA,NA,NA,NA,NA,NA,NA,NA,NA,NA
"KR","R43",NA,NA,NA,NA,NA,NA,"Revegetation",NA,"R43-NA",0,NA,NA,NA,NA,NA,NA,NA,NA,NA,NA,NA,NA,NA
"KR","R43",NA,NA,NA,NA,NA,NA,"Bat Education",NA,"R43-NA",0,NA,NA,NA,NA,NA,NA,NA,NA,NA,NA,NA,NA,NA
"KR","R43",NA,NA,NA,NA,NA,NA,"Artificial Water Sources",NA,"R43-NA",0,NA,NA,NA,NA,NA,NA,NA,NA,NA,NA,NA,NA,NA
"KR","R43",NA,NA,NA,NA,NA,NA,"Acoustic Bat Lure",NA,"R43-NA",0,NA,NA,NA,NA,NA,NA,NA,NA,NA,NA,NA,NA,NA
"CP","R44",NA,NA,NA,NA,NA,NA,"Artificial Roost",NA,"R44-NA",0,NA,NA,NA,NA,NA,NA,NA,NA,NA,NA,NA,NA,NA
"CP","R44",NA,NA,NA,NA,NA,NA,"Agrochemical Reduction",NA,"R44-NA",0,NA,NA,NA,NA,NA,NA,NA,NA,NA,NA,NA,NA,NA
"CP","R44",NA,NA,NA,NA,NA,NA,"Revegetation",NA,"R44-NA",0,NA,NA,NA,NA,NA,NA,NA,NA,NA,NA,NA,NA,NA
"CP","R44",NA,NA,NA,NA,NA,NA,"Bat Education",NA,"R44-NA",0,NA,NA,NA,NA,NA,NA,NA,NA,NA,NA,NA,NA,NA
"CP","R44",NA,NA,NA,NA,NA,NA,"Artificial Water Sources",NA,"R44-NA",0,NA,NA,NA,NA,NA,NA,NA,NA,NA,NA,NA,NA,NA
"CP","R44",NA,NA,NA,NA,NA,NA,"Acoustic Bat Lure",NA,"R44-NA",0,NA,NA,NA,NA,NA,NA,NA,NA,NA,NA,NA,NA,NA
