"Respondent.clean","Respondent.ID","Respondent.entry.ID","Region.within.country.clean","Country.clean","World.region.clean","Crop.clean","Crop.type.clean","Score.type","Score","Respondent.entry.label","TotalScore.allSteps","MeanScore.allSteps","GeoMeanScore.allSteps","Country.WB","GDP_per_capita","AgForestryFish_ValueAdded_percentGDP","AllResearchAndDev_percentGPD","EnviroPerformance_score","AgResearchAndDev_PPP2017","Taiwan_imputed_from_China","Exact_latitude","Exact_longitude","Coarse_latitude","Coarse_longitude"
"AB","R1","1","Catalonia","Spain","Europe","Tomato","Vegetable crops","Evidence",2,"R1-1",7,1.4,1.31950791077289,"Spain",33493.2225409111,2.6062235563618,1.49362,66.28,634.407802466939,FALSE,41.3851,2.1734,40.2076539840155,-3.70353625253203
"AB","R1","1","Catalonia","Spain","Europe","Tomato","Vegetable crops","Representativeness",1,"R1-1",7,1.4,1.31950791077289,"Spain",33493.2225409111,2.6062235563618,1.49362,66.28,634.407802466939,FALSE,41.3851,2.1734,40.2076539840155,-3.70353625253203
"AB","R1","1","Catalonia","Spain","Europe","Tomato","Vegetable crops","Limiting Factors",1,"R1-1",7,1.4,1.31950791077289,"Spain",33493.2225409111,2.6062235563618,1.49362,66.28,634.407802466939,FALSE,41.3851,2.1734,40.2076539840155,-3.70353625253203
"AB","R1","1","Catalonia","Spain","Europe","Tomato","Vegetable crops","Available Interventions",1,"R1-1",7,1.4,1.31950791077289,"Spain",33493.2225409111,2.6062235563618,1.49362,66.28,634.407802466939,FALSE,41.3851,2.1734,40.2076539840155,-3.70353625253203
"AB","R1","1","Catalonia","Spain","Europe","Tomato","Vegetable crops","Monitoring Interventions",2,"R1-1",7,1.4,1.31950791077289,"Spain",33493.2225409111,2.6062235563618,1.49362,66.28,634.407802466939,FALSE,41.3851,2.1734,40.2076539840155,-3.70353625253203
"AB","R1","1","Catalonia","Spain","Europe","Tomato","Vegetable crops","Breadth of Implementation
of Interventions",1,"R1-1",7,1.4,1.31950791077289,"Spain",33493.2225409111,2.6062235563618,1.49362,66.28,634.407802466939,FALSE,41.3851,2.1734,40.2076539840155,-3.70353625253203
"AH","R2","1","Free State","South Africa","Africa","Apple","Perennial fruit & forestry crops","Evidence",1,"R2-1",5,1,0,"South Africa",6034.27208964673,2.53517112309848,0.61479,37.6,243.487133597788,FALSE,-28.2707,29.1324,-28.9742085144411,25.1934382241476
"AH","R2","1","Free State","South Africa","Africa","Apple","Perennial fruit & forestry crops","Representativeness",1,"R2-1",5,1,0,"South Africa",6034.27208964673,2.53517112309848,0.61479,37.6,243.487133597788,FALSE,-28.2707,29.1324,-28.9742085144411,25.1934382241476
"AH","R2","1","Free State","South Africa","Africa","Apple","Perennial fruit & forestry crops","Limiting Factors",2,"R2-1",5,1,0,"South Africa",6034.27208964673,2.53517112309848,0.61479,37.6,243.487133597788,FALSE,-28.2707,29.1324,-28.9742085144411,25.1934382241476
"AH","R2","1","Free State","South Africa","Africa","Apple","Perennial fruit & forestry crops","Available Interventions",1,"R2-1",5,1,0,"South Africa",6034.27208964673,2.53517112309848,0.61479,37.6,243.487133597788,FALSE,-28.2707,29.1324,-28.9742085144411,25.1934382241476
"AH","R2","1","Free State","South Africa","Africa","Apple","Perennial fruit & forestry crops","Monitoring Interventions",0,"R2-1",5,1,0,"South Africa",6034.27208964673,2.53517112309848,0.61479,37.6,243.487133597788,FALSE,-28.2707,29.1324,-28.9742085144411,25.1934382241476
"AH","R2","1","Free State","South Africa","Africa","Apple","Perennial fruit & forestry crops","Breadth of Implementation
of Interventions",1,"R2-1",5,1,0,"South Africa",6034.27208964673,2.53517112309848,0.61479,37.6,243.487133597788,FALSE,-28.2707,29.1324,-28.9742085144411,25.1934382241476
"AMS","R3","1","Santiago Metropolitan region","Chile","Latin America / Caribbean","Vineyard","Vineyard","Evidence",3,"R3-1",7,1.4,1.24573093961552,"Chile",17081.5180740049,3.39083152306151,0.39205,50.95,209.087519152913,FALSE,-33.4489,-70.6693,-36.0762465539059,-71.0561908549587
"AMS","R3","1","Santiago Metropolitan region","Chile","Latin America / Caribbean","Vineyard","Vineyard","Representativeness",1,"R3-1",7,1.4,1.24573093961552,"Chile",17081.5180740049,3.39083152306151,0.39205,50.95,209.087519152913,FALSE,-33.4489,-70.6693,-36.0762465539059,-71.0561908549587
"AMS","R3","1","Santiago Metropolitan region","Chile","Latin America / Caribbean","Vineyard","Vineyard","Limiting Factors",1,"R3-1",7,1.4,1.24573093961552,"Chile",17081.5180740049,3.39083152306151,0.39205,50.95,209.087519152913,FALSE,-33.4489,-70.6693,-36.0762465539059,-71.0561908549587
"AMS","R3","1","Santiago Metropolitan region","Chile","Latin America / Caribbean","Vineyard","Vineyard","Available Interventions",1,"R3-1",7,1.4,1.24573093961552,"Chile",17081.5180740049,3.39083152306151,0.39205,50.95,209.087519152913,FALSE,-33.4489,-70.6693,-36.0762465539059,-71.0561908549587
"AMS","R3","1","Santiago Metropolitan region","Chile","Latin America / Caribbean","Vineyard","Vineyard","Monitoring Interventions",1,"R3-1",7,1.4,1.24573093961552,"Chile",17081.5180740049,3.39083152306151,0.39205,50.95,209.087519152913,FALSE,-33.4489,-70.6693,-36.0762465539059,-71.0561908549587
"AMS","R3","1","Santiago Metropolitan region","Chile","Latin America / Caribbean","Vineyard","Vineyard","Breadth of Implementation
of Interventions",1,"R3-1",7,1.4,1.24573093961552,"Chile",17081.5180740049,3.39083152306151,0.39205,50.95,209.087519152913,FALSE,-33.4489,-70.6693,-36.0762465539059,-71.0561908549587
"AR","R4","1","Queensland","Australia","Australasia / Pacific","Multi- grain & vegetable","Pasture & mixed cropping","Evidence",2,"R4-1",5,1,0,"Australia",65058.3773146674,2.57169831894523,1.85783,59.4,670.612655136355,FALSE,-27.5588,152.2782,-25.7641815523079,134.303829123934
"AR","R4","1","Queensland","Australia","Australasia / Pacific","Multi- grain & vegetable","Pasture & mixed cropping","Representativeness",1,"R4-1",5,1,0,"Australia",65058.3773146674,2.57169831894523,1.85783,59.4,670.612655136355,FALSE,-27.5588,152.2782,-25.7641815523079,134.303829123934
"AR","R4","1","Queensland","Australia","Australasia / Pacific","Multi- grain & vegetable","Pasture & mixed cropping","Limiting Factors",1,"R4-1",5,1,0,"Australia",65058.3773146674,2.57169831894523,1.85783,59.4,670.612655136355,FALSE,-27.5588,152.2782,-25.7641815523079,134.303829123934
"AR","R4","1","Queensland","Australia","Australasia / Pacific","Multi- grain & vegetable","Pasture & mixed cropping","Available Interventions",1,"R4-1",5,1,0,"Australia",65058.3773146674,2.57169831894523,1.85783,59.4,670.612655136355,FALSE,-27.5588,152.2782,-25.7641815523079,134.303829123934
"AR","R4","1","Queensland","Australia","Australasia / Pacific","Multi- grain & vegetable","Pasture & mixed cropping","Monitoring Interventions",0,"R4-1",5,1,0,"Australia",65058.3773146674,2.57169831894523,1.85783,59.4,670.612655136355,FALSE,-27.5588,152.2782,-25.7641815523079,134.303829123934
"AR","R4","1","Queensland","Australia","Australasia / Pacific","Multi- grain & vegetable","Pasture & mixed cropping","Breadth of Implementation
of Interventions",1,"R4-1",5,1,0,"Australia",65058.3773146674,2.57169831894523,1.85783,59.4,670.612655136355,FALSE,-27.5588,152.2782,-25.7641815523079,134.303829123934
"AM","R5","1","North-east Eswatini","Eswatini","Africa","Sugar cane","Field crops","Evidence",2,"R5-1",4,0.8,0,"Eswatini",3755.52111232464,6.63100879033993,NA,34.41,5.9772027475622,FALSE,-26.1667,31.9333,-26.5575464893393,31.4818696110519
"AM","R5","1","North-east Eswatini","Eswatini","Africa","Sugar cane","Field crops","Representativeness",0,"R5-1",4,0.8,0,"Eswatini",3755.52111232464,6.63100879033993,NA,34.41,5.9772027475622,FALSE,-26.1667,31.9333,-26.5575464893393,31.4818696110519
"AM","R5","1","North-east Eswatini","Eswatini","Africa","Sugar cane","Field crops","Limiting Factors",1,"R5-1",4,0.8,0,"Eswatini",3755.52111232464,6.63100879033993,NA,34.41,5.9772027475622,FALSE,-26.1667,31.9333,-26.5575464893393,31.4818696110519
"AM","R5","1","North-east Eswatini","Eswatini","Africa","Sugar cane","Field crops","Available Interventions",1,"R5-1",4,0.8,0,"Eswatini",3755.52111232464,6.63100879033993,NA,34.41,5.9772027475622,FALSE,-26.1667,31.9333,-26.5575464893393,31.4818696110519
"AM","R5","1","North-east Eswatini","Eswatini","Africa","Sugar cane","Field crops","Monitoring Interventions",0,"R5-1",4,0.8,0,"Eswatini",3755.52111232464,6.63100879033993,NA,34.41,5.9772027475622,FALSE,-26.1667,31.9333,-26.5575464893393,31.4818696110519
"AM","R5","1","North-east Eswatini","Eswatini","Africa","Sugar cane","Field crops","Breadth of Implementation
of Interventions",0,"R5-1",4,0.8,0,"Eswatini",3755.52111232464,6.63100879033993,NA,34.41,5.9772027475622,FALSE,-26.1667,31.9333,-26.5575464893393,31.4818696110519
"BM","R6","1","New Jersey","USA","North America","Multi- fruit & orchard","Perennial fruit & forestry crops","Evidence",2,"R6-1",7,1.4,0,"United States",82586.7847707894,0.942961672907101,3.44716,58.54,5113.96640319801,FALSE,40.6961929,-74.335573,44.7437315908213,-103.629562809744
"BM","R6","1","New Jersey","USA","North America","Multi- fruit & orchard","Perennial fruit & forestry crops","Representativeness",2,"R6-1",7,1.4,0,"United States",82586.7847707894,0.942961672907101,3.44716,58.54,5113.96640319801,FALSE,40.6961929,-74.335573,44.7437315908213,-103.629562809744
"BM","R6","1","New Jersey","USA","North America","Multi- fruit & orchard","Perennial fruit & forestry crops","Limiting Factors",3,"R6-1",7,1.4,0,"United States",82586.7847707894,0.942961672907101,3.44716,58.54,5113.96640319801,FALSE,40.6961929,-74.335573,44.7437315908213,-103.629562809744
"BM","R6","1","New Jersey","USA","North America","Multi- fruit & orchard","Perennial fruit & forestry crops","Available Interventions",1,"R6-1",7,1.4,0,"United States",82586.7847707894,0.942961672907101,3.44716,58.54,5113.96640319801,FALSE,40.6961929,-74.335573,44.7437315908213,-103.629562809744
"BM","R6","1","New Jersey","USA","North America","Multi- fruit & orchard","Perennial fruit & forestry crops","Monitoring Interventions",0,"R6-1",7,1.4,0,"United States",82586.7847707894,0.942961672907101,3.44716,58.54,5113.96640319801,FALSE,40.6961929,-74.335573,44.7437315908213,-103.629562809744
"BM","R6","1","New Jersey","USA","North America","Multi- fruit & orchard","Perennial fruit & forestry crops","Breadth of Implementation
of Interventions",1,"R6-1",7,1.4,0,"United States",82586.7847707894,0.942961672907101,3.44716,58.54,5113.96640319801,FALSE,40.6961929,-74.335573,44.7437315908213,-103.629562809744
"CT","R7","1","Multi-region: DIANA & Vatovavy-Fitovinany regions","Madagascar","Africa","Rice","Grain crops","Evidence",2,"R7-1",6,1.2,1.14869835499704,"Madagascar",514.064076551927,22.2232371808595,NA,31.13,9.62605082877935,FALSE,-12.2787,49.2917,-19.3164836985713,46.7428900543881
"CT","R7","1","Multi-region: DIANA & Vatovavy-Fitovinany regions","Madagascar","Africa","Rice","Grain crops","Representativeness",1,"R7-1",6,1.2,1.14869835499704,"Madagascar",514.064076551927,22.2232371808595,NA,31.13,9.62605082877935,FALSE,-12.2787,49.2917,-19.3164836985713,46.7428900543881
"CT","R7","1","Multi-region: DIANA & Vatovavy-Fitovinany regions","Madagascar","Africa","Rice","Grain crops","Limiting Factors",1,"R7-1",6,1.2,1.14869835499704,"Madagascar",514.064076551927,22.2232371808595,NA,31.13,9.62605082877935,FALSE,-12.2787,49.2917,-19.3164836985713,46.7428900543881
"CT","R7","1","Multi-region: DIANA & Vatovavy-Fitovinany regions","Madagascar","Africa","Rice","Grain crops","Available Interventions",1,"R7-1",6,1.2,1.14869835499704,"Madagascar",514.064076551927,22.2232371808595,NA,31.13,9.62605082877935,FALSE,-12.2787,49.2917,-19.3164836985713,46.7428900543881
"CT","R7","1","Multi-region: DIANA & Vatovavy-Fitovinany regions","Madagascar","Africa","Rice","Grain crops","Monitoring Interventions",1,"R7-1",6,1.2,1.14869835499704,"Madagascar",514.064076551927,22.2232371808595,NA,31.13,9.62605082877935,FALSE,-12.2787,49.2917,-19.3164836985713,46.7428900543881
"CT","R7","1","Multi-region: DIANA & Vatovavy-Fitovinany regions","Madagascar","Africa","Rice","Grain crops","Breadth of Implementation
of Interventions",1,"R7-1",6,1.2,1.14869835499704,"Madagascar",514.064076551927,22.2232371808595,NA,31.13,9.62605082877935,FALSE,-12.2787,49.2917,-19.3164836985713,46.7428900543881
"CT","R7","2","Multi-region: Catalonia & Aragon","Spain","Europe","Rice","Grain crops","Evidence",3,"R7-2",12,2.4,2.35215804504935,"Spain",33493.2225409111,2.6062235563618,1.49362,66.28,634.407802466939,FALSE,40.7189,0.7079,40.2076539840155,-3.70353625253203
"CT","R7","2","Multi-region: Catalonia & Aragon","Spain","Europe","Rice","Grain crops","Representativeness",2,"R7-2",12,2.4,2.35215804504935,"Spain",33493.2225409111,2.6062235563618,1.49362,66.28,634.407802466939,FALSE,40.7189,0.7079,40.2076539840155,-3.70353625253203
"CT","R7","2","Multi-region: Catalonia & Aragon","Spain","Europe","Rice","Grain crops","Limiting Factors",2,"R7-2",12,2.4,2.35215804504935,"Spain",33493.2225409111,2.6062235563618,1.49362,66.28,634.407802466939,FALSE,40.7189,0.7079,40.2076539840155,-3.70353625253203
"CT","R7","2","Multi-region: Catalonia & Aragon","Spain","Europe","Rice","Grain crops","Available Interventions",3,"R7-2",12,2.4,2.35215804504935,"Spain",33493.2225409111,2.6062235563618,1.49362,66.28,634.407802466939,FALSE,40.7189,0.7079,40.2076539840155,-3.70353625253203
"CT","R7","2","Multi-region: Catalonia & Aragon","Spain","Europe","Rice","Grain crops","Monitoring Interventions",2,"R7-2",12,2.4,2.35215804504935,"Spain",33493.2225409111,2.6062235563618,1.49362,66.28,634.407802466939,FALSE,40.7189,0.7079,40.2076539840155,-3.70353625253203
"CT","R7","2","Multi-region: Catalonia & Aragon","Spain","Europe","Rice","Grain crops","Breadth of Implementation
of Interventions",2,"R7-2",12,2.4,2.35215804504935,"Spain",33493.2225409111,2.6062235563618,1.49362,66.28,634.407802466939,FALSE,40.7189,0.7079,40.2076539840155,-3.70353625253203
"CK","R8","1","Southern Distict","Israel","Middle East / Western Asia","Date palms","Perennial fruit & forestry crops","Evidence",2,"R8-1",9,1.8,1.74110112659225,"Israel",52126.4489280033,1.39228590650126,6.34589,51.69,155.112689890399,FALSE,31.253,34.7915,31.4329786422529,34.9911381968011
"CK","R8","1","Southern Distict","Israel","Middle East / Western Asia","Date palms","Perennial fruit & forestry crops","Representativeness",2,"R8-1",9,1.8,1.74110112659225,"Israel",52126.4489280033,1.39228590650126,6.34589,51.69,155.112689890399,FALSE,31.253,34.7915,31.4329786422529,34.9911381968011
"CK","R8","1","Southern Distict","Israel","Middle East / Western Asia","Date palms","Perennial fruit & forestry crops","Limiting Factors",1,"R8-1",9,1.8,1.74110112659225,"Israel",52126.4489280033,1.39228590650126,6.34589,51.69,155.112689890399,FALSE,31.253,34.7915,31.4329786422529,34.9911381968011
"CK","R8","1","Southern Distict","Israel","Middle East / Western Asia","Date palms","Perennial fruit & forestry crops","Available Interventions",2,"R8-1",9,1.8,1.74110112659225,"Israel",52126.4489280033,1.39228590650126,6.34589,51.69,155.112689890399,FALSE,31.253,34.7915,31.4329786422529,34.9911381968011
"CK","R8","1","Southern Distict","Israel","Middle East / Western Asia","Date palms","Perennial fruit & forestry crops","Monitoring Interventions",2,"R8-1",9,1.8,1.74110112659225,"Israel",52126.4489280033,1.39228590650126,6.34589,51.69,155.112689890399,FALSE,31.253,34.7915,31.4329786422529,34.9911381968011
"CK","R8","1","Southern Distict","Israel","Middle East / Western Asia","Date palms","Perennial fruit & forestry crops","Breadth of Implementation
of Interventions",2,"R8-1",9,1.8,1.74110112659225,"Israel",52126.4489280033,1.39228590650126,6.34589,51.69,155.112689890399,FALSE,31.253,34.7915,31.4329786422529,34.9911381968011
"CK","R8","2","Southern Distict","Israel","Middle East / Western Asia","Onion","Vegetable crops","Evidence",1,"R8-2",6,1.2,1.14869835499704,"Israel",52126.4489280033,1.39228590650126,6.34589,51.69,155.112689890399,FALSE,31.253,34.7915,31.4329786422529,34.9911381968011
"CK","R8","2","Southern Distict","Israel","Middle East / Western Asia","Onion","Vegetable crops","Representativeness",1,"R8-2",6,1.2,1.14869835499704,"Israel",52126.4489280033,1.39228590650126,6.34589,51.69,155.112689890399,FALSE,31.253,34.7915,31.4329786422529,34.9911381968011
"CK","R8","2","Southern Distict","Israel","Middle East / Western Asia","Onion","Vegetable crops","Limiting Factors",2,"R8-2",6,1.2,1.14869835499704,"Israel",52126.4489280033,1.39228590650126,6.34589,51.69,155.112689890399,FALSE,31.253,34.7915,31.4329786422529,34.9911381968011
"CK","R8","2","Southern Distict","Israel","Middle East / Western Asia","Onion","Vegetable crops","Available Interventions",1,"R8-2",6,1.2,1.14869835499704,"Israel",52126.4489280033,1.39228590650126,6.34589,51.69,155.112689890399,FALSE,31.253,34.7915,31.4329786422529,34.9911381968011
"CK","R8","2","Southern Distict","Israel","Middle East / Western Asia","Onion","Vegetable crops","Monitoring Interventions",1,"R8-2",6,1.2,1.14869835499704,"Israel",52126.4489280033,1.39228590650126,6.34589,51.69,155.112689890399,FALSE,31.253,34.7915,31.4329786422529,34.9911381968011
"CK","R8","2","Southern Distict","Israel","Middle East / Western Asia","Onion","Vegetable crops","Breadth of Implementation
of Interventions",1,"R8-2",6,1.2,1.14869835499704,"Israel",52126.4489280033,1.39228590650126,6.34589,51.69,155.112689890399,FALSE,31.253,34.7915,31.4329786422529,34.9911381968011
"CK","R8","3","Southern Distict","Israel","Middle East / Western Asia","Melon","Vegetable crops","Evidence",1,"R8-3",5,1,0,"Israel",52126.4489280033,1.39228590650126,6.34589,51.69,155.112689890399,FALSE,31.253,34.7915,31.4329786422529,34.9911381968011
"CK","R8","3","Southern Distict","Israel","Middle East / Western Asia","Melon","Vegetable crops","Representativeness",1,"R8-3",5,1,0,"Israel",52126.4489280033,1.39228590650126,6.34589,51.69,155.112689890399,FALSE,31.253,34.7915,31.4329786422529,34.9911381968011
"CK","R8","3","Southern Distict","Israel","Middle East / Western Asia","Melon","Vegetable crops","Limiting Factors",2,"R8-3",5,1,0,"Israel",52126.4489280033,1.39228590650126,6.34589,51.69,155.112689890399,FALSE,31.253,34.7915,31.4329786422529,34.9911381968011
"CK","R8","3","Southern Distict","Israel","Middle East / Western Asia","Melon","Vegetable crops","Available Interventions",1,"R8-3",5,1,0,"Israel",52126.4489280033,1.39228590650126,6.34589,51.69,155.112689890399,FALSE,31.253,34.7915,31.4329786422529,34.9911381968011
"CK","R8","3","Southern Distict","Israel","Middle East / Western Asia","Melon","Vegetable crops","Monitoring Interventions",0,"R8-3",5,1,0,"Israel",52126.4489280033,1.39228590650126,6.34589,51.69,155.112689890399,FALSE,31.253,34.7915,31.4329786422529,34.9911381968011
"CK","R8","3","Southern Distict","Israel","Middle East / Western Asia","Melon","Vegetable crops","Breadth of Implementation
of Interventions",1,"R8-3",5,1,0,"Israel",52126.4489280033,1.39228590650126,6.34589,51.69,155.112689890399,FALSE,31.253,34.7915,31.4329786422529,34.9911381968011
"CK","R8","4","Northern District","Israel","Middle East / Western Asia","Apple","Perennial fruit & forestry crops","Evidence",2,"R8-4",9,1.8,1.74110112659225,"Israel",52126.4489280033,1.39228590650126,6.34589,51.69,155.112689890399,FALSE,32.9895,35.6944,31.4329786422529,34.9911381968011
"CK","R8","4","Northern District","Israel","Middle East / Western Asia","Apple","Perennial fruit & forestry crops","Representativeness",1,"R8-4",9,1.8,1.74110112659225,"Israel",52126.4489280033,1.39228590650126,6.34589,51.69,155.112689890399,FALSE,32.9895,35.6944,31.4329786422529,34.9911381968011
"CK","R8","4","Northern District","Israel","Middle East / Western Asia","Apple","Perennial fruit & forestry crops","Limiting Factors",2,"R8-4",9,1.8,1.74110112659225,"Israel",52126.4489280033,1.39228590650126,6.34589,51.69,155.112689890399,FALSE,32.9895,35.6944,31.4329786422529,34.9911381968011
"CK","R8","4","Northern District","Israel","Middle East / Western Asia","Apple","Perennial fruit & forestry crops","Available Interventions",2,"R8-4",9,1.8,1.74110112659225,"Israel",52126.4489280033,1.39228590650126,6.34589,51.69,155.112689890399,FALSE,32.9895,35.6944,31.4329786422529,34.9911381968011
"CK","R8","4","Northern District","Israel","Middle East / Western Asia","Apple","Perennial fruit & forestry crops","Monitoring Interventions",1,"R8-4",9,1.8,1.74110112659225,"Israel",52126.4489280033,1.39228590650126,6.34589,51.69,155.112689890399,FALSE,32.9895,35.6944,31.4329786422529,34.9911381968011
"CK","R8","4","Northern District","Israel","Middle East / Western Asia","Apple","Perennial fruit & forestry crops","Breadth of Implementation
of Interventions",2,"R8-4",9,1.8,1.74110112659225,"Israel",52126.4489280033,1.39228590650126,6.34589,51.69,155.112689890399,FALSE,32.9895,35.6944,31.4329786422529,34.9911381968011
"CK","R8","5","Haifa District","Israel","Middle East / Western Asia","Cotton","Field crops","Evidence",2,"R8-5",6,1.2,0,"Israel",52126.4489280033,1.39228590650126,6.34589,51.69,155.112689890399,FALSE,32.434,34.9196,31.4329786422529,34.9911381968011
"CK","R8","5","Haifa District","Israel","Middle East / Western Asia","Cotton","Field crops","Representativeness",1,"R8-5",6,1.2,0,"Israel",52126.4489280033,1.39228590650126,6.34589,51.69,155.112689890399,FALSE,32.434,34.9196,31.4329786422529,34.9911381968011
"CK","R8","5","Haifa District","Israel","Middle East / Western Asia","Cotton","Field crops","Limiting Factors",2,"R8-5",6,1.2,0,"Israel",52126.4489280033,1.39228590650126,6.34589,51.69,155.112689890399,FALSE,32.434,34.9196,31.4329786422529,34.9911381968011
"CK","R8","5","Haifa District","Israel","Middle East / Western Asia","Cotton","Field crops","Available Interventions",1,"R8-5",6,1.2,0,"Israel",52126.4489280033,1.39228590650126,6.34589,51.69,155.112689890399,FALSE,32.434,34.9196,31.4329786422529,34.9911381968011
"CK","R8","5","Haifa District","Israel","Middle East / Western Asia","Cotton","Field crops","Monitoring Interventions",1,"R8-5",6,1.2,0,"Israel",52126.4489280033,1.39228590650126,6.34589,51.69,155.112689890399,FALSE,32.434,34.9196,31.4329786422529,34.9911381968011
"CK","R8","5","Haifa District","Israel","Middle East / Western Asia","Cotton","Field crops","Breadth of Implementation
of Interventions",0,"R8-5",6,1.2,0,"Israel",52126.4489280033,1.39228590650126,6.34589,51.69,155.112689890399,FALSE,32.434,34.9196,31.4329786422529,34.9911381968011
"CK","R8","6","Haifa District","Israel","Middle East / Western Asia","Vineyard","Vineyard","Evidence",2,"R8-6",8,1.6,1.5157165665104,"Israel",52126.4489280033,1.39228590650126,6.34589,51.69,155.112689890399,FALSE,32.434,34.9196,31.4329786422529,34.9911381968011
"CK","R8","6","Haifa District","Israel","Middle East / Western Asia","Vineyard","Vineyard","Representativeness",1,"R8-6",8,1.6,1.5157165665104,"Israel",52126.4489280033,1.39228590650126,6.34589,51.69,155.112689890399,FALSE,32.434,34.9196,31.4329786422529,34.9911381968011
"CK","R8","6","Haifa District","Israel","Middle East / Western Asia","Vineyard","Vineyard","Limiting Factors",1,"R8-6",8,1.6,1.5157165665104,"Israel",52126.4489280033,1.39228590650126,6.34589,51.69,155.112689890399,FALSE,32.434,34.9196,31.4329786422529,34.9911381968011
"CK","R8","6","Haifa District","Israel","Middle East / Western Asia","Vineyard","Vineyard","Available Interventions",2,"R8-6",8,1.6,1.5157165665104,"Israel",52126.4489280033,1.39228590650126,6.34589,51.69,155.112689890399,FALSE,32.434,34.9196,31.4329786422529,34.9911381968011
"CK","R8","6","Haifa District","Israel","Middle East / Western Asia","Vineyard","Vineyard","Monitoring Interventions",2,"R8-6",8,1.6,1.5157165665104,"Israel",52126.4489280033,1.39228590650126,6.34589,51.69,155.112689890399,FALSE,32.434,34.9196,31.4329786422529,34.9911381968011
"CK","R8","6","Haifa District","Israel","Middle East / Western Asia","Vineyard","Vineyard","Breadth of Implementation
of Interventions",1,"R8-6",8,1.6,1.5157165665104,"Israel",52126.4489280033,1.39228590650126,6.34589,51.69,155.112689890399,FALSE,32.434,34.9196,31.4329786422529,34.9911381968011
"CK","R8","7","Haifa District","Israel","Middle East / Western Asia","Vineyard","Vineyard","Evidence",2,"R8-7",7,1.4,1.31950791077289,"Israel",52126.4489280033,1.39228590650126,6.34589,51.69,155.112689890399,FALSE,32.434,34.9196,31.4329786422529,34.9911381968011
"CK","R8","7","Haifa District","Israel","Middle East / Western Asia","Vineyard","Vineyard","Representativeness",1,"R8-7",7,1.4,1.31950791077289,"Israel",52126.4489280033,1.39228590650126,6.34589,51.69,155.112689890399,FALSE,32.434,34.9196,31.4329786422529,34.9911381968011
"CK","R8","7","Haifa District","Israel","Middle East / Western Asia","Vineyard","Vineyard","Limiting Factors",1,"R8-7",7,1.4,1.31950791077289,"Israel",52126.4489280033,1.39228590650126,6.34589,51.69,155.112689890399,FALSE,32.434,34.9196,31.4329786422529,34.9911381968011
"CK","R8","7","Haifa District","Israel","Middle East / Western Asia","Vineyard","Vineyard","Available Interventions",2,"R8-7",7,1.4,1.31950791077289,"Israel",52126.4489280033,1.39228590650126,6.34589,51.69,155.112689890399,FALSE,32.434,34.9196,31.4329786422529,34.9911381968011
"CK","R8","7","Haifa District","Israel","Middle East / Western Asia","Vineyard","Vineyard","Monitoring Interventions",1,"R8-7",7,1.4,1.31950791077289,"Israel",52126.4489280033,1.39228590650126,6.34589,51.69,155.112689890399,FALSE,32.434,34.9196,31.4329786422529,34.9911381968011
"CK","R8","7","Haifa District","Israel","Middle East / Western Asia","Vineyard","Vineyard","Breadth of Implementation
of Interventions",1,"R8-7",7,1.4,1.31950791077289,"Israel",52126.4489280033,1.39228590650126,6.34589,51.69,155.112689890399,FALSE,32.434,34.9196,31.4329786422529,34.9911381968011
"CK","R8","8","Jerusalem District","Israel","Middle East / Western Asia","Vineyard","Vineyard","Evidence",1,"R8-8",3,0.6,0,"Israel",52126.4489280033,1.39228590650126,6.34589,51.69,155.112689890399,FALSE,31.7457,34.9925,31.4329786422529,34.9911381968011
"CK","R8","8","Jerusalem District","Israel","Middle East / Western Asia","Vineyard","Vineyard","Representativeness",1,"R8-8",3,0.6,0,"Israel",52126.4489280033,1.39228590650126,6.34589,51.69,155.112689890399,FALSE,31.7457,34.9925,31.4329786422529,34.9911381968011
"CK","R8","8","Jerusalem District","Israel","Middle East / Western Asia","Vineyard","Vineyard","Limiting Factors",2,"R8-8",3,0.6,0,"Israel",52126.4489280033,1.39228590650126,6.34589,51.69,155.112689890399,FALSE,31.7457,34.9925,31.4329786422529,34.9911381968011
"CK","R8","8","Jerusalem District","Israel","Middle East / Western Asia","Vineyard","Vineyard","Available Interventions",0,"R8-8",3,0.6,0,"Israel",52126.4489280033,1.39228590650126,6.34589,51.69,155.112689890399,FALSE,31.7457,34.9925,31.4329786422529,34.9911381968011
"CK","R8","8","Jerusalem District","Israel","Middle East / Western Asia","Vineyard","Vineyard","Monitoring Interventions",0,"R8-8",3,0.6,0,"Israel",52126.4489280033,1.39228590650126,6.34589,51.69,155.112689890399,FALSE,31.7457,34.9925,31.4329786422529,34.9911381968011
"CK","R8","8","Jerusalem District","Israel","Middle East / Western Asia","Vineyard","Vineyard","Breadth of Implementation
of Interventions",0,"R8-8",3,0.6,0,"Israel",52126.4489280033,1.39228590650126,6.34589,51.69,155.112689890399,FALSE,31.7457,34.9925,31.4329786422529,34.9911381968011
"CK","R8","9","Jerusalem District","Israel","Middle East / Western Asia","Olive groves","Perennial fruit & forestry crops","Evidence",1,"R8-9",4,0.8,0,"Israel",52126.4489280033,1.39228590650126,6.34589,51.69,155.112689890399,FALSE,31.7457,34.9925,31.4329786422529,34.9911381968011
"CK","R8","9","Jerusalem District","Israel","Middle East / Western Asia","Olive groves","Perennial fruit & forestry crops","Representativeness",1,"R8-9",4,0.8,0,"Israel",52126.4489280033,1.39228590650126,6.34589,51.69,155.112689890399,FALSE,31.7457,34.9925,31.4329786422529,34.9911381968011
"CK","R8","9","Jerusalem District","Israel","Middle East / Western Asia","Olive groves","Perennial fruit & forestry crops","Limiting Factors",2,"R8-9",4,0.8,0,"Israel",52126.4489280033,1.39228590650126,6.34589,51.69,155.112689890399,FALSE,31.7457,34.9925,31.4329786422529,34.9911381968011
"CK","R8","9","Jerusalem District","Israel","Middle East / Western Asia","Olive groves","Perennial fruit & forestry crops","Available Interventions",1,"R8-9",4,0.8,0,"Israel",52126.4489280033,1.39228590650126,6.34589,51.69,155.112689890399,FALSE,31.7457,34.9925,31.4329786422529,34.9911381968011
"CK","R8","9","Jerusalem District","Israel","Middle East / Western Asia","Olive groves","Perennial fruit & forestry crops","Monitoring Interventions",0,"R8-9",4,0.8,0,"Israel",52126.4489280033,1.39228590650126,6.34589,51.69,155.112689890399,FALSE,31.7457,34.9925,31.4329786422529,34.9911381968011
"CK","R8","9","Jerusalem District","Israel","Middle East / Western Asia","Olive groves","Perennial fruit & forestry crops","Breadth of Implementation
of Interventions",0,"R8-9",4,0.8,0,"Israel",52126.4489280033,1.39228590650126,6.34589,51.69,155.112689890399,FALSE,31.7457,34.9925,31.4329786422529,34.9911381968011
"CK","R8","10","Jerusalem District","Israel","Middle East / Western Asia","Wheat","Grain crops","Evidence",1,"R8-10",3,0.6,0,"Israel",52126.4489280033,1.39228590650126,6.34589,51.69,155.112689890399,FALSE,31.7457,34.9925,31.4329786422529,34.9911381968011
"CK","R8","10","Jerusalem District","Israel","Middle East / Western Asia","Wheat","Grain crops","Representativeness",1,"R8-10",3,0.6,0,"Israel",52126.4489280033,1.39228590650126,6.34589,51.69,155.112689890399,FALSE,31.7457,34.9925,31.4329786422529,34.9911381968011
"CK","R8","10","Jerusalem District","Israel","Middle East / Western Asia","Wheat","Grain crops","Limiting Factors",2,"R8-10",3,0.6,0,"Israel",52126.4489280033,1.39228590650126,6.34589,51.69,155.112689890399,FALSE,31.7457,34.9925,31.4329786422529,34.9911381968011
"CK","R8","10","Jerusalem District","Israel","Middle East / Western Asia","Wheat","Grain crops","Available Interventions",0,"R8-10",3,0.6,0,"Israel",52126.4489280033,1.39228590650126,6.34589,51.69,155.112689890399,FALSE,31.7457,34.9925,31.4329786422529,34.9911381968011
"CK","R8","10","Jerusalem District","Israel","Middle East / Western Asia","Wheat","Grain crops","Monitoring Interventions",0,"R8-10",3,0.6,0,"Israel",52126.4489280033,1.39228590650126,6.34589,51.69,155.112689890399,FALSE,31.7457,34.9925,31.4329786422529,34.9911381968011
"CK","R8","10","Jerusalem District","Israel","Middle East / Western Asia","Wheat","Grain crops","Breadth of Implementation
of Interventions",0,"R8-10",3,0.6,0,"Israel",52126.4489280033,1.39228590650126,6.34589,51.69,155.112689890399,FALSE,31.7457,34.9925,31.4329786422529,34.9911381968011
"CK","R8","11","Southern Distict","Israel","Middle East / Western Asia","Brassica","Vegetable crops","Evidence",1,"R8-11",1,0.2,0,"Israel",52126.4489280033,1.39228590650126,6.34589,51.69,155.112689890399,FALSE,31.253,34.7915,31.4329786422529,34.9911381968011
"CK","R8","11","Southern Distict","Israel","Middle East / Western Asia","Brassica","Vegetable crops","Representativeness",0,"R8-11",1,0.2,0,"Israel",52126.4489280033,1.39228590650126,6.34589,51.69,155.112689890399,FALSE,31.253,34.7915,31.4329786422529,34.9911381968011
"CK","R8","11","Southern Distict","Israel","Middle East / Western Asia","Brassica","Vegetable crops","Limiting Factors",0,"R8-11",1,0.2,0,"Israel",52126.4489280033,1.39228590650126,6.34589,51.69,155.112689890399,FALSE,31.253,34.7915,31.4329786422529,34.9911381968011
"CK","R8","11","Southern Distict","Israel","Middle East / Western Asia","Brassica","Vegetable crops","Available Interventions",0,"R8-11",1,0.2,0,"Israel",52126.4489280033,1.39228590650126,6.34589,51.69,155.112689890399,FALSE,31.253,34.7915,31.4329786422529,34.9911381968011
"CK","R8","11","Southern Distict","Israel","Middle East / Western Asia","Brassica","Vegetable crops","Monitoring Interventions",0,"R8-11",1,0.2,0,"Israel",52126.4489280033,1.39228590650126,6.34589,51.69,155.112689890399,FALSE,31.253,34.7915,31.4329786422529,34.9911381968011
"CK","R8","11","Southern Distict","Israel","Middle East / Western Asia","Brassica","Vegetable crops","Breadth of Implementation
of Interventions",0,"R8-11",1,0.2,0,"Israel",52126.4489280033,1.39228590650126,6.34589,51.69,155.112689890399,FALSE,31.253,34.7915,31.4329786422529,34.9911381968011
"CK","R8","12","Southern Distict","Israel","Middle East / Western Asia","Citrus","Perennial fruit & forestry crops","Evidence",1,"R8-12",1,0.2,0,"Israel",52126.4489280033,1.39228590650126,6.34589,51.69,155.112689890399,FALSE,31.253,34.7915,31.4329786422529,34.9911381968011
"CK","R8","12","Southern Distict","Israel","Middle East / Western Asia","Citrus","Perennial fruit & forestry crops","Representativeness",1,"R8-12",1,0.2,0,"Israel",52126.4489280033,1.39228590650126,6.34589,51.69,155.112689890399,FALSE,31.253,34.7915,31.4329786422529,34.9911381968011
"CK","R8","12","Southern Distict","Israel","Middle East / Western Asia","Citrus","Perennial fruit & forestry crops","Limiting Factors",0,"R8-12",1,0.2,0,"Israel",52126.4489280033,1.39228590650126,6.34589,51.69,155.112689890399,FALSE,31.253,34.7915,31.4329786422529,34.9911381968011
"CK","R8","12","Southern Distict","Israel","Middle East / Western Asia","Citrus","Perennial fruit & forestry crops","Available Interventions",0,"R8-12",1,0.2,0,"Israel",52126.4489280033,1.39228590650126,6.34589,51.69,155.112689890399,FALSE,31.253,34.7915,31.4329786422529,34.9911381968011
"CK","R8","12","Southern Distict","Israel","Middle East / Western Asia","Citrus","Perennial fruit & forestry crops","Monitoring Interventions",0,"R8-12",1,0.2,0,"Israel",52126.4489280033,1.39228590650126,6.34589,51.69,155.112689890399,FALSE,31.253,34.7915,31.4329786422529,34.9911381968011
"CK","R8","12","Southern Distict","Israel","Middle East / Western Asia","Citrus","Perennial fruit & forestry crops","Breadth of Implementation
of Interventions",0,"R8-12",1,0.2,0,"Israel",52126.4489280033,1.39228590650126,6.34589,51.69,155.112689890399,FALSE,31.253,34.7915,31.4329786422529,34.9911381968011
"CK","R8","13","Southern Distict","Israel","Middle East / Western Asia","Peach","Perennial fruit & forestry crops","Evidence",0,"R8-13",0,0,0,"Israel",52126.4489280033,1.39228590650126,6.34589,51.69,155.112689890399,FALSE,31.253,34.7915,31.4329786422529,34.9911381968011
"CK","R8","13","Southern Distict","Israel","Middle East / Western Asia","Peach","Perennial fruit & forestry crops","Representativeness",1,"R8-13",0,0,0,"Israel",52126.4489280033,1.39228590650126,6.34589,51.69,155.112689890399,FALSE,31.253,34.7915,31.4329786422529,34.9911381968011
"CK","R8","13","Southern Distict","Israel","Middle East / Western Asia","Peach","Perennial fruit & forestry crops","Limiting Factors",0,"R8-13",0,0,0,"Israel",52126.4489280033,1.39228590650126,6.34589,51.69,155.112689890399,FALSE,31.253,34.7915,31.4329786422529,34.9911381968011
"CK","R8","13","Southern Distict","Israel","Middle East / Western Asia","Peach","Perennial fruit & forestry crops","Available Interventions",0,"R8-13",0,0,0,"Israel",52126.4489280033,1.39228590650126,6.34589,51.69,155.112689890399,FALSE,31.253,34.7915,31.4329786422529,34.9911381968011
"CK","R8","13","Southern Distict","Israel","Middle East / Western Asia","Peach","Perennial fruit & forestry crops","Monitoring Interventions",0,"R8-13",0,0,0,"Israel",52126.4489280033,1.39228590650126,6.34589,51.69,155.112689890399,FALSE,31.253,34.7915,31.4329786422529,34.9911381968011
"CK","R8","13","Southern Distict","Israel","Middle East / Western Asia","Peach","Perennial fruit & forestry crops","Breadth of Implementation
of Interventions",0,"R8-13",0,0,0,"Israel",52126.4489280033,1.39228590650126,6.34589,51.69,155.112689890399,FALSE,31.253,34.7915,31.4329786422529,34.9911381968011
"CK","R8","14","Central District","Israel","Middle East / Western Asia","Corn","Grain crops","Evidence",0,"R8-14",0,0,0,"Israel",52126.4489280033,1.39228590650126,6.34589,51.69,155.112689890399,FALSE,31.9286,34.871,31.4329786422529,34.9911381968011
"CK","R8","14","Central District","Israel","Middle East / Western Asia","Corn","Grain crops","Representativeness",1,"R8-14",0,0,0,"Israel",52126.4489280033,1.39228590650126,6.34589,51.69,155.112689890399,FALSE,31.9286,34.871,31.4329786422529,34.9911381968011
"CK","R8","14","Central District","Israel","Middle East / Western Asia","Corn","Grain crops","Limiting Factors",0,"R8-14",0,0,0,"Israel",52126.4489280033,1.39228590650126,6.34589,51.69,155.112689890399,FALSE,31.9286,34.871,31.4329786422529,34.9911381968011
"CK","R8","14","Central District","Israel","Middle East / Western Asia","Corn","Grain crops","Available Interventions",0,"R8-14",0,0,0,"Israel",52126.4489280033,1.39228590650126,6.34589,51.69,155.112689890399,FALSE,31.9286,34.871,31.4329786422529,34.9911381968011
"CK","R8","14","Central District","Israel","Middle East / Western Asia","Corn","Grain crops","Monitoring Interventions",0,"R8-14",0,0,0,"Israel",52126.4489280033,1.39228590650126,6.34589,51.69,155.112689890399,FALSE,31.9286,34.871,31.4329786422529,34.9911381968011
"CK","R8","14","Central District","Israel","Middle East / Western Asia","Corn","Grain crops","Breadth of Implementation
of Interventions",0,"R8-14",0,0,0,"Israel",52126.4489280033,1.39228590650126,6.34589,51.69,155.112689890399,FALSE,31.9286,34.871,31.4329786422529,34.9911381968011
"CK","R8","15","Central District","Israel","Middle East / Western Asia","Potato","Vegetable crops","Evidence",1,"R8-15",1,0.2,0,"Israel",52126.4489280033,1.39228590650126,6.34589,51.69,155.112689890399,FALSE,31.9286,34.871,31.4329786422529,34.9911381968011
"CK","R8","15","Central District","Israel","Middle East / Western Asia","Potato","Vegetable crops","Representativeness",1,"R8-15",1,0.2,0,"Israel",52126.4489280033,1.39228590650126,6.34589,51.69,155.112689890399,FALSE,31.9286,34.871,31.4329786422529,34.9911381968011
"CK","R8","15","Central District","Israel","Middle East / Western Asia","Potato","Vegetable crops","Limiting Factors",0,"R8-15",1,0.2,0,"Israel",52126.4489280033,1.39228590650126,6.34589,51.69,155.112689890399,FALSE,31.9286,34.871,31.4329786422529,34.9911381968011
"CK","R8","15","Central District","Israel","Middle East / Western Asia","Potato","Vegetable crops","Available Interventions",0,"R8-15",1,0.2,0,"Israel",52126.4489280033,1.39228590650126,6.34589,51.69,155.112689890399,FALSE,31.9286,34.871,31.4329786422529,34.9911381968011
"CK","R8","15","Central District","Israel","Middle East / Western Asia","Potato","Vegetable crops","Monitoring Interventions",0,"R8-15",1,0.2,0,"Israel",52126.4489280033,1.39228590650126,6.34589,51.69,155.112689890399,FALSE,31.9286,34.871,31.4329786422529,34.9911381968011
"CK","R8","15","Central District","Israel","Middle East / Western Asia","Potato","Vegetable crops","Breadth of Implementation
of Interventions",0,"R8-15",1,0.2,0,"Israel",52126.4489280033,1.39228590650126,6.34589,51.69,155.112689890399,FALSE,31.9286,34.871,31.4329786422529,34.9911381968011
"CK","R8","16","Central District","Israel","Middle East / Western Asia","Watermelon","Vegetable crops","Evidence",1,"R8-16",2,0.4,0,"Israel",52126.4489280033,1.39228590650126,6.34589,51.69,155.112689890399,FALSE,31.9286,34.871,31.4329786422529,34.9911381968011
"CK","R8","16","Central District","Israel","Middle East / Western Asia","Watermelon","Vegetable crops","Representativeness",1,"R8-16",2,0.4,0,"Israel",52126.4489280033,1.39228590650126,6.34589,51.69,155.112689890399,FALSE,31.9286,34.871,31.4329786422529,34.9911381968011
"CK","R8","16","Central District","Israel","Middle East / Western Asia","Watermelon","Vegetable crops","Limiting Factors",1,"R8-16",2,0.4,0,"Israel",52126.4489280033,1.39228590650126,6.34589,51.69,155.112689890399,FALSE,31.9286,34.871,31.4329786422529,34.9911381968011
"CK","R8","16","Central District","Israel","Middle East / Western Asia","Watermelon","Vegetable crops","Available Interventions",0,"R8-16",2,0.4,0,"Israel",52126.4489280033,1.39228590650126,6.34589,51.69,155.112689890399,FALSE,31.9286,34.871,31.4329786422529,34.9911381968011
"CK","R8","16","Central District","Israel","Middle East / Western Asia","Watermelon","Vegetable crops","Monitoring Interventions",0,"R8-16",2,0.4,0,"Israel",52126.4489280033,1.39228590650126,6.34589,51.69,155.112689890399,FALSE,31.9286,34.871,31.4329786422529,34.9911381968011
"CK","R8","16","Central District","Israel","Middle East / Western Asia","Watermelon","Vegetable crops","Breadth of Implementation
of Interventions",0,"R8-16",2,0.4,0,"Israel",52126.4489280033,1.39228590650126,6.34589,51.69,155.112689890399,FALSE,31.9286,34.871,31.4329786422529,34.9911381968011
"CK","R8","17","Northern District","Israel","Middle East / Western Asia","Wheat","Grain crops","Evidence",1,"R8-17",2,0.4,0,"Israel",52126.4489280033,1.39228590650126,6.34589,51.69,155.112689890399,FALSE,32.9895,35.6944,31.4329786422529,34.9911381968011
"CK","R8","17","Northern District","Israel","Middle East / Western Asia","Wheat","Grain crops","Representativeness",2,"R8-17",2,0.4,0,"Israel",52126.4489280033,1.39228590650126,6.34589,51.69,155.112689890399,FALSE,32.9895,35.6944,31.4329786422529,34.9911381968011
"CK","R8","17","Northern District","Israel","Middle East / Western Asia","Wheat","Grain crops","Limiting Factors",1,"R8-17",2,0.4,0,"Israel",52126.4489280033,1.39228590650126,6.34589,51.69,155.112689890399,FALSE,32.9895,35.6944,31.4329786422529,34.9911381968011
"CK","R8","17","Northern District","Israel","Middle East / Western Asia","Wheat","Grain crops","Available Interventions",0,"R8-17",2,0.4,0,"Israel",52126.4489280033,1.39228590650126,6.34589,51.69,155.112689890399,FALSE,32.9895,35.6944,31.4329786422529,34.9911381968011
"CK","R8","17","Northern District","Israel","Middle East / Western Asia","Wheat","Grain crops","Monitoring Interventions",0,"R8-17",2,0.4,0,"Israel",52126.4489280033,1.39228590650126,6.34589,51.69,155.112689890399,FALSE,32.9895,35.6944,31.4329786422529,34.9911381968011
"CK","R8","17","Northern District","Israel","Middle East / Western Asia","Wheat","Grain crops","Breadth of Implementation
of Interventions",0,"R8-17",2,0.4,0,"Israel",52126.4489280033,1.39228590650126,6.34589,51.69,155.112689890399,FALSE,32.9895,35.6944,31.4329786422529,34.9911381968011
"CK","R8","18","Northern District","Israel","Middle East / Western Asia","Apple","Perennial fruit & forestry crops","Evidence",1,"R8-18",1,0.2,0,"Israel",52126.4489280033,1.39228590650126,6.34589,51.69,155.112689890399,FALSE,32.9895,35.6944,31.4329786422529,34.9911381968011
"CK","R8","18","Northern District","Israel","Middle East / Western Asia","Apple","Perennial fruit & forestry crops","Representativeness",2,"R8-18",1,0.2,0,"Israel",52126.4489280033,1.39228590650126,6.34589,51.69,155.112689890399,FALSE,32.9895,35.6944,31.4329786422529,34.9911381968011
"CK","R8","18","Northern District","Israel","Middle East / Western Asia","Apple","Perennial fruit & forestry crops","Limiting Factors",0,"R8-18",1,0.2,0,"Israel",52126.4489280033,1.39228590650126,6.34589,51.69,155.112689890399,FALSE,32.9895,35.6944,31.4329786422529,34.9911381968011
"CK","R8","18","Northern District","Israel","Middle East / Western Asia","Apple","Perennial fruit & forestry crops","Available Interventions",0,"R8-18",1,0.2,0,"Israel",52126.4489280033,1.39228590650126,6.34589,51.69,155.112689890399,FALSE,32.9895,35.6944,31.4329786422529,34.9911381968011
"CK","R8","18","Northern District","Israel","Middle East / Western Asia","Apple","Perennial fruit & forestry crops","Monitoring Interventions",0,"R8-18",1,0.2,0,"Israel",52126.4489280033,1.39228590650126,6.34589,51.69,155.112689890399,FALSE,32.9895,35.6944,31.4329786422529,34.9911381968011
"CK","R8","18","Northern District","Israel","Middle East / Western Asia","Apple","Perennial fruit & forestry crops","Breadth of Implementation
of Interventions",0,"R8-18",1,0.2,0,"Israel",52126.4489280033,1.39228590650126,6.34589,51.69,155.112689890399,FALSE,32.9895,35.6944,31.4329786422529,34.9911381968011
"CK","R8","19","Northern District","Israel","Middle East / Western Asia","Tomato","Vegetable crops","Evidence",1,"R8-19",3,0.6,0,"Israel",52126.4489280033,1.39228590650126,6.34589,51.69,155.112689890399,FALSE,32.9895,35.6944,31.4329786422529,34.9911381968011
"CK","R8","19","Northern District","Israel","Middle East / Western Asia","Tomato","Vegetable crops","Representativeness",1,"R8-19",3,0.6,0,"Israel",52126.4489280033,1.39228590650126,6.34589,51.69,155.112689890399,FALSE,32.9895,35.6944,31.4329786422529,34.9911381968011
"CK","R8","19","Northern District","Israel","Middle East / Western Asia","Tomato","Vegetable crops","Limiting Factors",2,"R8-19",3,0.6,0,"Israel",52126.4489280033,1.39228590650126,6.34589,51.69,155.112689890399,FALSE,32.9895,35.6944,31.4329786422529,34.9911381968011
"CK","R8","19","Northern District","Israel","Middle East / Western Asia","Tomato","Vegetable crops","Available Interventions",0,"R8-19",3,0.6,0,"Israel",52126.4489280033,1.39228590650126,6.34589,51.69,155.112689890399,FALSE,32.9895,35.6944,31.4329786422529,34.9911381968011
"CK","R8","19","Northern District","Israel","Middle East / Western Asia","Tomato","Vegetable crops","Monitoring Interventions",0,"R8-19",3,0.6,0,"Israel",52126.4489280033,1.39228590650126,6.34589,51.69,155.112689890399,FALSE,32.9895,35.6944,31.4329786422529,34.9911381968011
"CK","R8","19","Northern District","Israel","Middle East / Western Asia","Tomato","Vegetable crops","Breadth of Implementation
of Interventions",0,"R8-19",3,0.6,0,"Israel",52126.4489280033,1.39228590650126,6.34589,51.69,155.112689890399,FALSE,32.9895,35.6944,31.4329786422529,34.9911381968011
"CK","R8","20","Central District","Israel","Middle East / Western Asia","Cotton","Field crops","Evidence",1,"R8-20",2,0.4,0,"Israel",52126.4489280033,1.39228590650126,6.34589,51.69,155.112689890399,FALSE,31.9286,34.871,31.4329786422529,34.9911381968011
"CK","R8","20","Central District","Israel","Middle East / Western Asia","Cotton","Field crops","Representativeness",1,"R8-20",2,0.4,0,"Israel",52126.4489280033,1.39228590650126,6.34589,51.69,155.112689890399,FALSE,31.9286,34.871,31.4329786422529,34.9911381968011
"CK","R8","20","Central District","Israel","Middle East / Western Asia","Cotton","Field crops","Limiting Factors",1,"R8-20",2,0.4,0,"Israel",52126.4489280033,1.39228590650126,6.34589,51.69,155.112689890399,FALSE,31.9286,34.871,31.4329786422529,34.9911381968011
"CK","R8","20","Central District","Israel","Middle East / Western Asia","Cotton","Field crops","Available Interventions",0,"R8-20",2,0.4,0,"Israel",52126.4489280033,1.39228590650126,6.34589,51.69,155.112689890399,FALSE,31.9286,34.871,31.4329786422529,34.9911381968011
"CK","R8","20","Central District","Israel","Middle East / Western Asia","Cotton","Field crops","Monitoring Interventions",0,"R8-20",2,0.4,0,"Israel",52126.4489280033,1.39228590650126,6.34589,51.69,155.112689890399,FALSE,31.9286,34.871,31.4329786422529,34.9911381968011
"CK","R8","20","Central District","Israel","Middle East / Western Asia","Cotton","Field crops","Breadth of Implementation
of Interventions",0,"R8-20",2,0.4,0,"Israel",52126.4489280033,1.39228590650126,6.34589,51.69,155.112689890399,FALSE,31.9286,34.871,31.4329786422529,34.9911381968011
"CK","R8","21","Southern Distict","Israel","Middle East / Western Asia","Pumpkin","Vegetable crops","Evidence",1,"R8-21",5,1,0,"Israel",52126.4489280033,1.39228590650126,6.34589,51.69,155.112689890399,FALSE,31.253,34.7915,31.4329786422529,34.9911381968011
"CK","R8","21","Southern Distict","Israel","Middle East / Western Asia","Pumpkin","Vegetable crops","Representativeness",1,"R8-21",5,1,0,"Israel",52126.4489280033,1.39228590650126,6.34589,51.69,155.112689890399,FALSE,31.253,34.7915,31.4329786422529,34.9911381968011
"CK","R8","21","Southern Distict","Israel","Middle East / Western Asia","Pumpkin","Vegetable crops","Limiting Factors",0,"R8-21",5,1,0,"Israel",52126.4489280033,1.39228590650126,6.34589,51.69,155.112689890399,FALSE,31.253,34.7915,31.4329786422529,34.9911381968011
"CK","R8","21","Southern Distict","Israel","Middle East / Western Asia","Pumpkin","Vegetable crops","Available Interventions",2,"R8-21",5,1,0,"Israel",52126.4489280033,1.39228590650126,6.34589,51.69,155.112689890399,FALSE,31.253,34.7915,31.4329786422529,34.9911381968011
"CK","R8","21","Southern Distict","Israel","Middle East / Western Asia","Pumpkin","Vegetable crops","Monitoring Interventions",1,"R8-21",5,1,0,"Israel",52126.4489280033,1.39228590650126,6.34589,51.69,155.112689890399,FALSE,31.253,34.7915,31.4329786422529,34.9911381968011
"CK","R8","21","Southern Distict","Israel","Middle East / Western Asia","Pumpkin","Vegetable crops","Breadth of Implementation
of Interventions",1,"R8-21",5,1,0,"Israel",52126.4489280033,1.39228590650126,6.34589,51.69,155.112689890399,FALSE,31.253,34.7915,31.4329786422529,34.9911381968011
"CS","R9","1","Morelos","Mexico","Latin America / Caribbean","Multi- grain & vegetable","Pasture & mixed cropping","Evidence",3,"R9-1",7,1.4,1.24573093961552,"Mexico",13830.843848864,3.84569758598285,0.26746,46.09,508.188663304649,FALSE,18.69,-99.19,23.9241551848632,-102.170985323958
"CS","R9","1","Morelos","Mexico","Latin America / Caribbean","Multi- grain & vegetable","Pasture & mixed cropping","Representativeness",1,"R9-1",7,1.4,1.24573093961552,"Mexico",13830.843848864,3.84569758598285,0.26746,46.09,508.188663304649,FALSE,18.69,-99.19,23.9241551848632,-102.170985323958
"CS","R9","1","Morelos","Mexico","Latin America / Caribbean","Multi- grain & vegetable","Pasture & mixed cropping","Limiting Factors",1,"R9-1",7,1.4,1.24573093961552,"Mexico",13830.843848864,3.84569758598285,0.26746,46.09,508.188663304649,FALSE,18.69,-99.19,23.9241551848632,-102.170985323958
"CS","R9","1","Morelos","Mexico","Latin America / Caribbean","Multi- grain & vegetable","Pasture & mixed cropping","Available Interventions",1,"R9-1",7,1.4,1.24573093961552,"Mexico",13830.843848864,3.84569758598285,0.26746,46.09,508.188663304649,FALSE,18.69,-99.19,23.9241551848632,-102.170985323958
"CS","R9","1","Morelos","Mexico","Latin America / Caribbean","Multi- grain & vegetable","Pasture & mixed cropping","Monitoring Interventions",1,"R9-1",7,1.4,1.24573093961552,"Mexico",13830.843848864,3.84569758598285,0.26746,46.09,508.188663304649,FALSE,18.69,-99.19,23.9241551848632,-102.170985323958
"CS","R9","1","Morelos","Mexico","Latin America / Caribbean","Multi- grain & vegetable","Pasture & mixed cropping","Breadth of Implementation
of Interventions",1,"R9-1",7,1.4,1.24573093961552,"Mexico",13830.843848864,3.84569758598285,0.26746,46.09,508.188663304649,FALSE,18.69,-99.19,23.9241551848632,-102.170985323958
"CS","R9","2","Extremadura","Spain","Europe","Tomato","Vegetable crops","Evidence",2,"R9-2",11,2.2,2.1689435423954,"Spain",33493.2225409111,2.6062235563618,1.49362,66.28,634.407802466939,FALSE,38.8794,-6.9707,40.2076539840155,-3.70353625253203
"CS","R9","2","Extremadura","Spain","Europe","Tomato","Vegetable crops","Representativeness",1,"R9-2",11,2.2,2.1689435423954,"Spain",33493.2225409111,2.6062235563618,1.49362,66.28,634.407802466939,FALSE,38.8794,-6.9707,40.2076539840155,-3.70353625253203
"CS","R9","2","Extremadura","Spain","Europe","Tomato","Vegetable crops","Limiting Factors",2,"R9-2",11,2.2,2.1689435423954,"Spain",33493.2225409111,2.6062235563618,1.49362,66.28,634.407802466939,FALSE,38.8794,-6.9707,40.2076539840155,-3.70353625253203
"CS","R9","2","Extremadura","Spain","Europe","Tomato","Vegetable crops","Available Interventions",3,"R9-2",11,2.2,2.1689435423954,"Spain",33493.2225409111,2.6062235563618,1.49362,66.28,634.407802466939,FALSE,38.8794,-6.9707,40.2076539840155,-3.70353625253203
"CS","R9","2","Extremadura","Spain","Europe","Tomato","Vegetable crops","Monitoring Interventions",2,"R9-2",11,2.2,2.1689435423954,"Spain",33493.2225409111,2.6062235563618,1.49362,66.28,634.407802466939,FALSE,38.8794,-6.9707,40.2076539840155,-3.70353625253203
"CS","R9","2","Extremadura","Spain","Europe","Tomato","Vegetable crops","Breadth of Implementation
of Interventions",2,"R9-2",11,2.2,2.1689435423954,"Spain",33493.2225409111,2.6062235563618,1.49362,66.28,634.407802466939,FALSE,38.8794,-6.9707,40.2076539840155,-3.70353625253203
"CO","R10","1","Multi-country (Peru-Colombia multi-region)","Peru & Colombia","Latin America / Caribbean","Agroforestry cacao","Agroforestry cacao","Evidence",3,"R10-1",5,1,0,"Peru",7919.04634828547,7.22315955429279,0.17611,41.01,93.727296106182,FALSE,-5.1945,-80.6328,-2.60183478693467,-73.7488869276082
"CO","R10","1","Multi-country (Peru-Colombia multi-region)","Peru & Colombia","Latin America / Caribbean","Agroforestry cacao","Agroforestry cacao","Representativeness",1,"R10-1",5,1,0,"Peru",7919.04634828547,7.22315955429279,0.17611,41.01,93.727296106182,FALSE,-5.1945,-80.6328,-2.60183478693467,-73.7488869276082
"CO","R10","1","Multi-country (Peru-Colombia multi-region)","Peru & Colombia","Latin America / Caribbean","Agroforestry cacao","Agroforestry cacao","Limiting Factors",2,"R10-1",5,1,0,"Peru",7919.04634828547,7.22315955429279,0.17611,41.01,93.727296106182,FALSE,-5.1945,-80.6328,-2.60183478693467,-73.7488869276082
"CO","R10","1","Multi-country (Peru-Colombia multi-region)","Peru & Colombia","Latin America / Caribbean","Agroforestry cacao","Agroforestry cacao","Available Interventions",0,"R10-1",5,1,0,"Peru",7919.04634828547,7.22315955429279,0.17611,41.01,93.727296106182,FALSE,-5.1945,-80.6328,-2.60183478693467,-73.7488869276082
"CO","R10","1","Multi-country (Peru-Colombia multi-region)","Peru & Colombia","Latin America / Caribbean","Agroforestry cacao","Agroforestry cacao","Monitoring Interventions",0,"R10-1",5,1,0,"Peru",7919.04634828547,7.22315955429279,0.17611,41.01,93.727296106182,FALSE,-5.1945,-80.6328,-2.60183478693467,-73.7488869276082
"CO","R10","1","Multi-country (Peru-Colombia multi-region)","Peru & Colombia","Latin America / Caribbean","Agroforestry cacao","Agroforestry cacao","Breadth of Implementation
of Interventions",0,"R10-1",5,1,0,"Peru",7919.04634828547,7.22315955429279,0.17611,41.01,93.727296106182,FALSE,-5.1945,-80.6328,-2.60183478693467,-73.7488869276082
"CM","R11","1","Western Province","Ghana","Africa","Multi- crop","Pasture & mixed cropping","Evidence",2,"R11-1",5,1,0,"Ghana",2383.90410476221,20.9430687855615,NA,28.6,116.975380230497,FALSE,5.1667,-2.8667,7.94769971258465,-1.21698964043326
"CM","R11","1","Western Province","Ghana","Africa","Multi- crop","Pasture & mixed cropping","Representativeness",1,"R11-1",5,1,0,"Ghana",2383.90410476221,20.9430687855615,NA,28.6,116.975380230497,FALSE,5.1667,-2.8667,7.94769971258465,-1.21698964043326
"CM","R11","1","Western Province","Ghana","Africa","Multi- crop","Pasture & mixed cropping","Limiting Factors",2,"R11-1",5,1,0,"Ghana",2383.90410476221,20.9430687855615,NA,28.6,116.975380230497,FALSE,5.1667,-2.8667,7.94769971258465,-1.21698964043326
"CM","R11","1","Western Province","Ghana","Africa","Multi- crop","Pasture & mixed cropping","Available Interventions",1,"R11-1",5,1,0,"Ghana",2383.90410476221,20.9430687855615,NA,28.6,116.975380230497,FALSE,5.1667,-2.8667,7.94769971258465,-1.21698964043326
"CM","R11","1","Western Province","Ghana","Africa","Multi- crop","Pasture & mixed cropping","Monitoring Interventions",0,"R11-1",5,1,0,"Ghana",2383.90410476221,20.9430687855615,NA,28.6,116.975380230497,FALSE,5.1667,-2.8667,7.94769971258465,-1.21698964043326
"CM","R11","1","Western Province","Ghana","Africa","Multi- crop","Pasture & mixed cropping","Breadth of Implementation
of Interventions",0,"R11-1",5,1,0,"Ghana",2383.90410476221,20.9430687855615,NA,28.6,116.975380230497,FALSE,5.1667,-2.8667,7.94769971258465,-1.21698964043326
"DR","R12","1","Veneto","Italy","Europe","Apple","Perennial fruit & forestry crops","Evidence",3,"R12-1",7,1.4,0,"Italy",39279.699782164,1.8596431753596,1.37935,61.56,952.713803909769,FALSE,45.4408,12.3155,42.7156861458039,12.2010485047317
"DR","R12","1","Veneto","Italy","Europe","Apple","Perennial fruit & forestry crops","Representativeness",0,"R12-1",7,1.4,0,"Italy",39279.699782164,1.8596431753596,1.37935,61.56,952.713803909769,FALSE,45.4408,12.3155,42.7156861458039,12.2010485047317
"DR","R12","1","Veneto","Italy","Europe","Apple","Perennial fruit & forestry crops","Limiting Factors",2,"R12-1",7,1.4,0,"Italy",39279.699782164,1.8596431753596,1.37935,61.56,952.713803909769,FALSE,45.4408,12.3155,42.7156861458039,12.2010485047317
"DR","R12","1","Veneto","Italy","Europe","Apple","Perennial fruit & forestry crops","Available Interventions",1,"R12-1",7,1.4,0,"Italy",39279.699782164,1.8596431753596,1.37935,61.56,952.713803909769,FALSE,45.4408,12.3155,42.7156861458039,12.2010485047317
"DR","R12","1","Veneto","Italy","Europe","Apple","Perennial fruit & forestry crops","Monitoring Interventions",0,"R12-1",7,1.4,0,"Italy",39279.699782164,1.8596431753596,1.37935,61.56,952.713803909769,FALSE,45.4408,12.3155,42.7156861458039,12.2010485047317
"DR","R12","1","Veneto","Italy","Europe","Apple","Perennial fruit & forestry crops","Breadth of Implementation
of Interventions",1,"R12-1",7,1.4,0,"Italy",39279.699782164,1.8596431753596,1.37935,61.56,952.713803909769,FALSE,45.4408,12.3155,42.7156861458039,12.2010485047317
"DF","R13","1","Cameroon: multi-region","Cameroon","Africa","Agroforestry cacao","Agroforestry cacao","Evidence",3,"R13-1",6,1.2,0,"Cameroon",1720.47510154506,17.0996372773511,NA,34.9,36.1474384663849,FALSE,3.848,11.5021,5.68116800316289,12.7339439676681
"DF","R13","1","Cameroon: multi-region","Cameroon","Africa","Agroforestry cacao","Agroforestry cacao","Representativeness",1,"R13-1",6,1.2,0,"Cameroon",1720.47510154506,17.0996372773511,NA,34.9,36.1474384663849,FALSE,3.848,11.5021,5.68116800316289,12.7339439676681
"DF","R13","1","Cameroon: multi-region","Cameroon","Africa","Agroforestry cacao","Agroforestry cacao","Limiting Factors",2,"R13-1",6,1.2,0,"Cameroon",1720.47510154506,17.0996372773511,NA,34.9,36.1474384663849,FALSE,3.848,11.5021,5.68116800316289,12.7339439676681
"DF","R13","1","Cameroon: multi-region","Cameroon","Africa","Agroforestry cacao","Agroforestry cacao","Available Interventions",1,"R13-1",6,1.2,0,"Cameroon",1720.47510154506,17.0996372773511,NA,34.9,36.1474384663849,FALSE,3.848,11.5021,5.68116800316289,12.7339439676681
"DF","R13","1","Cameroon: multi-region","Cameroon","Africa","Agroforestry cacao","Agroforestry cacao","Monitoring Interventions",0,"R13-1",6,1.2,0,"Cameroon",1720.47510154506,17.0996372773511,NA,34.9,36.1474384663849,FALSE,3.848,11.5021,5.68116800316289,12.7339439676681
"DF","R13","1","Cameroon: multi-region","Cameroon","Africa","Agroforestry cacao","Agroforestry cacao","Breadth of Implementation
of Interventions",0,"R13-1",6,1.2,0,"Cameroon",1720.47510154506,17.0996372773511,NA,34.9,36.1474384663849,FALSE,3.848,11.5021,5.68116800316289,12.7339439676681
"DF","R13","2","Cameroon: multi-region","Cameroon","Africa","Agroforestry cacao","Agroforestry cacao","Evidence",3,"R13-2",8,1.6,0,"Cameroon",1720.47510154506,17.0996372773511,NA,34.9,36.1474384663849,FALSE,3.848,11.5021,5.68116800316289,12.7339439676681
"DF","R13","2","Cameroon: multi-region","Cameroon","Africa","Agroforestry cacao","Agroforestry cacao","Representativeness",0,"R13-2",8,1.6,0,"Cameroon",1720.47510154506,17.0996372773511,NA,34.9,36.1474384663849,FALSE,3.848,11.5021,5.68116800316289,12.7339439676681
"DF","R13","2","Cameroon: multi-region","Cameroon","Africa","Agroforestry cacao","Agroforestry cacao","Limiting Factors",2,"R13-2",8,1.6,0,"Cameroon",1720.47510154506,17.0996372773511,NA,34.9,36.1474384663849,FALSE,3.848,11.5021,5.68116800316289,12.7339439676681
"DF","R13","2","Cameroon: multi-region","Cameroon","Africa","Agroforestry cacao","Agroforestry cacao","Available Interventions",2,"R13-2",8,1.6,0,"Cameroon",1720.47510154506,17.0996372773511,NA,34.9,36.1474384663849,FALSE,3.848,11.5021,5.68116800316289,12.7339439676681
"DF","R13","2","Cameroon: multi-region","Cameroon","Africa","Agroforestry cacao","Agroforestry cacao","Monitoring Interventions",1,"R13-2",8,1.6,0,"Cameroon",1720.47510154506,17.0996372773511,NA,34.9,36.1474384663849,FALSE,3.848,11.5021,5.68116800316289,12.7339439676681
"DF","R13","2","Cameroon: multi-region","Cameroon","Africa","Agroforestry cacao","Agroforestry cacao","Breadth of Implementation
of Interventions",0,"R13-2",8,1.6,0,"Cameroon",1720.47510154506,17.0996372773511,NA,34.9,36.1474384663849,FALSE,3.848,11.5021,5.68116800316289,12.7339439676681
"KD","R14","1","Karnataka","India","South / Southeast Asia","Rice","Grain crops","Evidence",2,"R14-1",3,0.6,0,"India",2434.44826340989,17.6565389328245,0.64558,22.46,4453.98508903982,FALSE,14.6197,74.8354,22.7766430396087,79.5639109318103
"KD","R14","1","Karnataka","India","South / Southeast Asia","Rice","Grain crops","Representativeness",1,"R14-1",3,0.6,0,"India",2434.44826340989,17.6565389328245,0.64558,22.46,4453.98508903982,FALSE,14.6197,74.8354,22.7766430396087,79.5639109318103
"KD","R14","1","Karnataka","India","South / Southeast Asia","Rice","Grain crops","Limiting Factors",1,"R14-1",3,0.6,0,"India",2434.44826340989,17.6565389328245,0.64558,22.46,4453.98508903982,FALSE,14.6197,74.8354,22.7766430396087,79.5639109318103
"KD","R14","1","Karnataka","India","South / Southeast Asia","Rice","Grain crops","Available Interventions",0,"R14-1",3,0.6,0,"India",2434.44826340989,17.6565389328245,0.64558,22.46,4453.98508903982,FALSE,14.6197,74.8354,22.7766430396087,79.5639109318103
"KD","R14","1","Karnataka","India","South / Southeast Asia","Rice","Grain crops","Monitoring Interventions",0,"R14-1",3,0.6,0,"India",2434.44826340989,17.6565389328245,0.64558,22.46,4453.98508903982,FALSE,14.6197,74.8354,22.7766430396087,79.5639109318103
"KD","R14","1","Karnataka","India","South / Southeast Asia","Rice","Grain crops","Breadth of Implementation
of Interventions",0,"R14-1",3,0.6,0,"India",2434.44826340989,17.6565389328245,0.64558,22.46,4453.98508903982,FALSE,14.6197,74.8354,22.7766430396087,79.5639109318103
"KD","R14","2","Karnataka","India","South / Southeast Asia","Arecanut","Perennial fruit & forestry crops","Evidence",2,"R14-2",3,0.6,0,"India",2434.44826340989,17.6565389328245,0.64558,22.46,4453.98508903982,FALSE,14.6197,74.8354,22.7766430396087,79.5639109318103
"KD","R14","2","Karnataka","India","South / Southeast Asia","Arecanut","Perennial fruit & forestry crops","Representativeness",1,"R14-2",3,0.6,0,"India",2434.44826340989,17.6565389328245,0.64558,22.46,4453.98508903982,FALSE,14.6197,74.8354,22.7766430396087,79.5639109318103
"KD","R14","2","Karnataka","India","South / Southeast Asia","Arecanut","Perennial fruit & forestry crops","Limiting Factors",0,"R14-2",3,0.6,0,"India",2434.44826340989,17.6565389328245,0.64558,22.46,4453.98508903982,FALSE,14.6197,74.8354,22.7766430396087,79.5639109318103
"KD","R14","2","Karnataka","India","South / Southeast Asia","Arecanut","Perennial fruit & forestry crops","Available Interventions",0,"R14-2",3,0.6,0,"India",2434.44826340989,17.6565389328245,0.64558,22.46,4453.98508903982,FALSE,14.6197,74.8354,22.7766430396087,79.5639109318103
"KD","R14","2","Karnataka","India","South / Southeast Asia","Arecanut","Perennial fruit & forestry crops","Monitoring Interventions",1,"R14-2",3,0.6,0,"India",2434.44826340989,17.6565389328245,0.64558,22.46,4453.98508903982,FALSE,14.6197,74.8354,22.7766430396087,79.5639109318103
"KD","R14","2","Karnataka","India","South / Southeast Asia","Arecanut","Perennial fruit & forestry crops","Breadth of Implementation
of Interventions",0,"R14-2",3,0.6,0,"India",2434.44826340989,17.6565389328245,0.64558,22.46,4453.98508903982,FALSE,14.6197,74.8354,22.7766430396087,79.5639109318103
"EF","R15","1","Central Scotland","UK","Europe","Multi- grain & vegetable","Pasture & mixed cropping","Evidence",2,"R15-1",10,2,2,"United Kingdom",49919.6896621586,0.648180849687737,2.67614,71.51,634.098457763344,FALSE,56.1165,-3.9369,54.0116497461288,-2.75814205633043
"EF","R15","1","Central Scotland","UK","Europe","Multi- grain & vegetable","Pasture & mixed cropping","Representativeness",2,"R15-1",10,2,2,"United Kingdom",49919.6896621586,0.648180849687737,2.67614,71.51,634.098457763344,FALSE,56.1165,-3.9369,54.0116497461288,-2.75814205633043
"EF","R15","1","Central Scotland","UK","Europe","Multi- grain & vegetable","Pasture & mixed cropping","Limiting Factors",2,"R15-1",10,2,2,"United Kingdom",49919.6896621586,0.648180849687737,2.67614,71.51,634.098457763344,FALSE,56.1165,-3.9369,54.0116497461288,-2.75814205633043
"EF","R15","1","Central Scotland","UK","Europe","Multi- grain & vegetable","Pasture & mixed cropping","Available Interventions",2,"R15-1",10,2,2,"United Kingdom",49919.6896621586,0.648180849687737,2.67614,71.51,634.098457763344,FALSE,56.1165,-3.9369,54.0116497461288,-2.75814205633043
"EF","R15","1","Central Scotland","UK","Europe","Multi- grain & vegetable","Pasture & mixed cropping","Monitoring Interventions",2,"R15-1",10,2,2,"United Kingdom",49919.6896621586,0.648180849687737,2.67614,71.51,634.098457763344,FALSE,56.1165,-3.9369,54.0116497461288,-2.75814205633043
"EF","R15","1","Central Scotland","UK","Europe","Multi- grain & vegetable","Pasture & mixed cropping","Breadth of Implementation
of Interventions",2,"R15-1",10,2,2,"United Kingdom",49919.6896621586,0.648180849687737,2.67614,71.51,634.098457763344,FALSE,56.1165,-3.9369,54.0116497461288,-2.75814205633043
"EF","R15","2","Central Scotland","UK","Europe","Pasture","Pasture & mixed cropping","Evidence",2,"R15-2",10,2,2,"United Kingdom",49919.6896621586,0.648180849687737,2.67614,71.51,634.098457763344,FALSE,56.1165,-3.9369,54.0116497461288,-2.75814205633043
"EF","R15","2","Central Scotland","UK","Europe","Pasture","Pasture & mixed cropping","Representativeness",2,"R15-2",10,2,2,"United Kingdom",49919.6896621586,0.648180849687737,2.67614,71.51,634.098457763344,FALSE,56.1165,-3.9369,54.0116497461288,-2.75814205633043
"EF","R15","2","Central Scotland","UK","Europe","Pasture","Pasture & mixed cropping","Limiting Factors",2,"R15-2",10,2,2,"United Kingdom",49919.6896621586,0.648180849687737,2.67614,71.51,634.098457763344,FALSE,56.1165,-3.9369,54.0116497461288,-2.75814205633043
"EF","R15","2","Central Scotland","UK","Europe","Pasture","Pasture & mixed cropping","Available Interventions",2,"R15-2",10,2,2,"United Kingdom",49919.6896621586,0.648180849687737,2.67614,71.51,634.098457763344,FALSE,56.1165,-3.9369,54.0116497461288,-2.75814205633043
"EF","R15","2","Central Scotland","UK","Europe","Pasture","Pasture & mixed cropping","Monitoring Interventions",2,"R15-2",10,2,2,"United Kingdom",49919.6896621586,0.648180849687737,2.67614,71.51,634.098457763344,FALSE,56.1165,-3.9369,54.0116497461288,-2.75814205633043
"EF","R15","2","Central Scotland","UK","Europe","Pasture","Pasture & mixed cropping","Breadth of Implementation
of Interventions",2,"R15-2",10,2,2,"United Kingdom",49919.6896621586,0.648180849687737,2.67614,71.51,634.098457763344,FALSE,56.1165,-3.9369,54.0116497461288,-2.75814205633043
"EF","R15","3","Central Scotland","UK","Europe","Multi- crop & pasture","Pasture & mixed cropping","Evidence",2,"R15-3",10,2,2,"United Kingdom",49919.6896621586,0.648180849687737,2.67614,71.51,634.098457763344,FALSE,56.1165,-3.9369,54.0116497461288,-2.75814205633043
"EF","R15","3","Central Scotland","UK","Europe","Multi- crop & pasture","Pasture & mixed cropping","Representativeness",2,"R15-3",10,2,2,"United Kingdom",49919.6896621586,0.648180849687737,2.67614,71.51,634.098457763344,FALSE,56.1165,-3.9369,54.0116497461288,-2.75814205633043
"EF","R15","3","Central Scotland","UK","Europe","Multi- crop & pasture","Pasture & mixed cropping","Limiting Factors",2,"R15-3",10,2,2,"United Kingdom",49919.6896621586,0.648180849687737,2.67614,71.51,634.098457763344,FALSE,56.1165,-3.9369,54.0116497461288,-2.75814205633043
"EF","R15","3","Central Scotland","UK","Europe","Multi- crop & pasture","Pasture & mixed cropping","Available Interventions",2,"R15-3",10,2,2,"United Kingdom",49919.6896621586,0.648180849687737,2.67614,71.51,634.098457763344,FALSE,56.1165,-3.9369,54.0116497461288,-2.75814205633043
"EF","R15","3","Central Scotland","UK","Europe","Multi- crop & pasture","Pasture & mixed cropping","Monitoring Interventions",2,"R15-3",10,2,2,"United Kingdom",49919.6896621586,0.648180849687737,2.67614,71.51,634.098457763344,FALSE,56.1165,-3.9369,54.0116497461288,-2.75814205633043
"EF","R15","3","Central Scotland","UK","Europe","Multi- crop & pasture","Pasture & mixed cropping","Breadth of Implementation
of Interventions",2,"R15-3",10,2,2,"United Kingdom",49919.6896621586,0.648180849687737,2.67614,71.51,634.098457763344,FALSE,56.1165,-3.9369,54.0116497461288,-2.75814205633043
"FM","R16","1","Multi-region: northern, eastern & western France","France","Europe","Multi- crop & pasture","Pasture & mixed cropping","Evidence",2,"R16-1",10,2,2,"France",44700.1384177544,1.48475796304424,2.17832,69.82,1537.31777634499,FALSE,48.65926,1.73671,42.9551401765111,-6.67614112511506
"FM","R16","1","Multi-region: northern, eastern & western France","France","Europe","Multi- crop & pasture","Pasture & mixed cropping","Representativeness",1,"R16-1",10,2,2,"France",44700.1384177544,1.48475796304424,2.17832,69.82,1537.31777634499,FALSE,48.65926,1.73671,42.9551401765111,-6.67614112511506
"FM","R16","1","Multi-region: northern, eastern & western France","France","Europe","Multi- crop & pasture","Pasture & mixed cropping","Limiting Factors",2,"R16-1",10,2,2,"France",44700.1384177544,1.48475796304424,2.17832,69.82,1537.31777634499,FALSE,48.65926,1.73671,42.9551401765111,-6.67614112511506
"FM","R16","1","Multi-region: northern, eastern & western France","France","Europe","Multi- crop & pasture","Pasture & mixed cropping","Available Interventions",2,"R16-1",10,2,2,"France",44700.1384177544,1.48475796304424,2.17832,69.82,1537.31777634499,FALSE,48.65926,1.73671,42.9551401765111,-6.67614112511506
"FM","R16","1","Multi-region: northern, eastern & western France","France","Europe","Multi- crop & pasture","Pasture & mixed cropping","Monitoring Interventions",2,"R16-1",10,2,2,"France",44700.1384177544,1.48475796304424,2.17832,69.82,1537.31777634499,FALSE,48.65926,1.73671,42.9551401765111,-6.67614112511506
"FM","R16","1","Multi-region: northern, eastern & western France","France","Europe","Multi- crop & pasture","Pasture & mixed cropping","Breadth of Implementation
of Interventions",2,"R16-1",10,2,2,"France",44700.1384177544,1.48475796304424,2.17832,69.82,1537.31777634499,FALSE,48.65926,1.73671,42.9551401765111,-6.67614112511506
"FM","R16","2","Multi-region: northern, eastern & western France","France","Europe","Multi- crop & pasture","Pasture & mixed cropping","Evidence",0,"R16-2",8,1.6,0,"France",44700.1384177544,1.48475796304424,2.17832,69.82,1537.31777634499,FALSE,48.63779,1.92263,42.9551401765111,-6.67614112511506
"FM","R16","2","Multi-region: northern, eastern & western France","France","Europe","Multi- crop & pasture","Pasture & mixed cropping","Representativeness",2,"R16-2",8,1.6,0,"France",44700.1384177544,1.48475796304424,2.17832,69.82,1537.31777634499,FALSE,48.63779,1.92263,42.9551401765111,-6.67614112511506
"FM","R16","2","Multi-region: northern, eastern & western France","France","Europe","Multi- crop & pasture","Pasture & mixed cropping","Limiting Factors",2,"R16-2",8,1.6,0,"France",44700.1384177544,1.48475796304424,2.17832,69.82,1537.31777634499,FALSE,48.63779,1.92263,42.9551401765111,-6.67614112511506
"FM","R16","2","Multi-region: northern, eastern & western France","France","Europe","Multi- crop & pasture","Pasture & mixed cropping","Available Interventions",2,"R16-2",8,1.6,0,"France",44700.1384177544,1.48475796304424,2.17832,69.82,1537.31777634499,FALSE,48.63779,1.92263,42.9551401765111,-6.67614112511506
"FM","R16","2","Multi-region: northern, eastern & western France","France","Europe","Multi- crop & pasture","Pasture & mixed cropping","Monitoring Interventions",2,"R16-2",8,1.6,0,"France",44700.1384177544,1.48475796304424,2.17832,69.82,1537.31777634499,FALSE,48.63779,1.92263,42.9551401765111,-6.67614112511506
"FM","R16","2","Multi-region: northern, eastern & western France","France","Europe","Multi- crop & pasture","Pasture & mixed cropping","Breadth of Implementation
of Interventions",2,"R16-2",8,1.6,0,"France",44700.1384177544,1.48475796304424,2.17832,69.82,1537.31777634499,FALSE,48.63779,1.92263,42.9551401765111,-6.67614112511506
"FM","R16","3","Multi-region: Normandie, Occitanie, Vaucluse & Nouvelle-Aquitaine","France","Europe","Apple","Perennial fruit & forestry crops","Evidence",2,"R16-3",10,2,2,"France",44700.1384177544,1.48475796304424,2.17832,69.82,1537.31777634499,FALSE,45.8336,1.2611,42.9551401765111,-6.67614112511506
"FM","R16","3","Multi-region: Normandie, Occitanie, Vaucluse & Nouvelle-Aquitaine","France","Europe","Apple","Perennial fruit & forestry crops","Representativeness",2,"R16-3",10,2,2,"France",44700.1384177544,1.48475796304424,2.17832,69.82,1537.31777634499,FALSE,45.8336,1.2611,42.9551401765111,-6.67614112511506
"FM","R16","3","Multi-region: Normandie, Occitanie, Vaucluse & Nouvelle-Aquitaine","France","Europe","Apple","Perennial fruit & forestry crops","Limiting Factors",2,"R16-3",10,2,2,"France",44700.1384177544,1.48475796304424,2.17832,69.82,1537.31777634499,FALSE,45.8336,1.2611,42.9551401765111,-6.67614112511506
"FM","R16","3","Multi-region: Normandie, Occitanie, Vaucluse & Nouvelle-Aquitaine","France","Europe","Apple","Perennial fruit & forestry crops","Available Interventions",2,"R16-3",10,2,2,"France",44700.1384177544,1.48475796304424,2.17832,69.82,1537.31777634499,FALSE,45.8336,1.2611,42.9551401765111,-6.67614112511506
"FM","R16","3","Multi-region: Normandie, Occitanie, Vaucluse & Nouvelle-Aquitaine","France","Europe","Apple","Perennial fruit & forestry crops","Monitoring Interventions",2,"R16-3",10,2,2,"France",44700.1384177544,1.48475796304424,2.17832,69.82,1537.31777634499,FALSE,45.8336,1.2611,42.9551401765111,-6.67614112511506
"FM","R16","3","Multi-region: Normandie, Occitanie, Vaucluse & Nouvelle-Aquitaine","France","Europe","Apple","Perennial fruit & forestry crops","Breadth of Implementation
of Interventions",2,"R16-3",10,2,2,"France",44700.1384177544,1.48475796304424,2.17832,69.82,1537.31777634499,FALSE,45.8336,1.2611,42.9551401765111,-6.67614112511506
"GM","R17","1","Texas","USA","North America","Cotton","Field crops","Evidence",3,"R17-1",10,2,1.782602457966,"United States",82586.7847707894,0.942961672907101,3.44716,58.54,5113.96640319801,FALSE,29.2098,-99.7862,44.7437315908213,-103.629562809744
"GM","R17","1","Texas","USA","North America","Cotton","Field crops","Representativeness",3,"R17-1",10,2,1.782602457966,"United States",82586.7847707894,0.942961672907101,3.44716,58.54,5113.96640319801,FALSE,29.2098,-99.7862,44.7437315908213,-103.629562809744
"GM","R17","1","Texas","USA","North America","Cotton","Field crops","Limiting Factors",3,"R17-1",10,2,1.782602457966,"United States",82586.7847707894,0.942961672907101,3.44716,58.54,5113.96640319801,FALSE,29.2098,-99.7862,44.7437315908213,-103.629562809744
"GM","R17","1","Texas","USA","North America","Cotton","Field crops","Available Interventions",1,"R17-1",10,2,1.782602457966,"United States",82586.7847707894,0.942961672907101,3.44716,58.54,5113.96640319801,FALSE,29.2098,-99.7862,44.7437315908213,-103.629562809744
"GM","R17","1","Texas","USA","North America","Cotton","Field crops","Monitoring Interventions",2,"R17-1",10,2,1.782602457966,"United States",82586.7847707894,0.942961672907101,3.44716,58.54,5113.96640319801,FALSE,29.2098,-99.7862,44.7437315908213,-103.629562809744
"GM","R17","1","Texas","USA","North America","Cotton","Field crops","Breadth of Implementation
of Interventions",1,"R17-1",10,2,1.782602457966,"United States",82586.7847707894,0.942961672907101,3.44716,58.54,5113.96640319801,FALSE,29.2098,-99.7862,44.7437315908213,-103.629562809744
"GM","R17","2","Multi-region: Texas & Florida","USA","North America","Pecan","Perennial fruit & forestry crops","Evidence",2,"R17-2",9,1.8,1.74110112659225,"United States",82586.7847707894,0.942961672907101,3.44716,58.54,5113.96640319801,FALSE,29.3216,-99.4712,44.7437315908213,-103.629562809744
"GM","R17","2","Multi-region: Texas & Florida","USA","North America","Pecan","Perennial fruit & forestry crops","Representativeness",1,"R17-2",9,1.8,1.74110112659225,"United States",82586.7847707894,0.942961672907101,3.44716,58.54,5113.96640319801,FALSE,29.3216,-99.4712,44.7437315908213,-103.629562809744
"GM","R17","2","Multi-region: Texas & Florida","USA","North America","Pecan","Perennial fruit & forestry crops","Limiting Factors",2,"R17-2",9,1.8,1.74110112659225,"United States",82586.7847707894,0.942961672907101,3.44716,58.54,5113.96640319801,FALSE,29.3216,-99.4712,44.7437315908213,-103.629562809744
"GM","R17","2","Multi-region: Texas & Florida","USA","North America","Pecan","Perennial fruit & forestry crops","Available Interventions",2,"R17-2",9,1.8,1.74110112659225,"United States",82586.7847707894,0.942961672907101,3.44716,58.54,5113.96640319801,FALSE,29.3216,-99.4712,44.7437315908213,-103.629562809744
"GM","R17","2","Multi-region: Texas & Florida","USA","North America","Pecan","Perennial fruit & forestry crops","Monitoring Interventions",1,"R17-2",9,1.8,1.74110112659225,"United States",82586.7847707894,0.942961672907101,3.44716,58.54,5113.96640319801,FALSE,29.3216,-99.4712,44.7437315908213,-103.629562809744
"GM","R17","2","Multi-region: Texas & Florida","USA","North America","Pecan","Perennial fruit & forestry crops","Breadth of Implementation
of Interventions",2,"R17-2",9,1.8,1.74110112659225,"United States",82586.7847707894,0.942961672907101,3.44716,58.54,5113.96640319801,FALSE,29.3216,-99.4712,44.7437315908213,-103.629562809744
"HK","R18","1","New South Wales","Australia","Australasia / Pacific","Cotton","Field crops","Evidence",3,"R18-1",8,1.6,1.43096908110526,"Australia",65058.3773146674,2.57169831894523,1.85783,59.4,670.612655136355,FALSE,-29.4658,149.8412,-25.7641815523079,134.303829123934
"HK","R18","1","New South Wales","Australia","Australasia / Pacific","Cotton","Field crops","Representativeness",2,"R18-1",8,1.6,1.43096908110526,"Australia",65058.3773146674,2.57169831894523,1.85783,59.4,670.612655136355,FALSE,-29.4658,149.8412,-25.7641815523079,134.303829123934
"HK","R18","1","New South Wales","Australia","Australasia / Pacific","Cotton","Field crops","Limiting Factors",1,"R18-1",8,1.6,1.43096908110526,"Australia",65058.3773146674,2.57169831894523,1.85783,59.4,670.612655136355,FALSE,-29.4658,149.8412,-25.7641815523079,134.303829123934
"HK","R18","1","New South Wales","Australia","Australasia / Pacific","Cotton","Field crops","Available Interventions",2,"R18-1",8,1.6,1.43096908110526,"Australia",65058.3773146674,2.57169831894523,1.85783,59.4,670.612655136355,FALSE,-29.4658,149.8412,-25.7641815523079,134.303829123934
"HK","R18","1","New South Wales","Australia","Australasia / Pacific","Cotton","Field crops","Monitoring Interventions",1,"R18-1",8,1.6,1.43096908110526,"Australia",65058.3773146674,2.57169831894523,1.85783,59.4,670.612655136355,FALSE,-29.4658,149.8412,-25.7641815523079,134.303829123934
"HK","R18","1","New South Wales","Australia","Australasia / Pacific","Cotton","Field crops","Breadth of Implementation
of Interventions",1,"R18-1",8,1.6,1.43096908110526,"Australia",65058.3773146674,2.57169831894523,1.85783,59.4,670.612655136355,FALSE,-29.4658,149.8412,-25.7641815523079,134.303829123934
"HK","R18","2","New South Wales","Australia","Australasia / Pacific","Blueberries","Perennial fruit & forestry crops","Evidence",1,"R18-2",3,0.6,0,"Australia",65058.3773146674,2.57169831894523,1.85783,59.4,670.612655136355,FALSE,-30.29705912,153.1123257,-25.7641815523079,134.303829123934
"HK","R18","2","New South Wales","Australia","Australasia / Pacific","Blueberries","Perennial fruit & forestry crops","Representativeness",1,"R18-2",3,0.6,0,"Australia",65058.3773146674,2.57169831894523,1.85783,59.4,670.612655136355,FALSE,-30.29705912,153.1123257,-25.7641815523079,134.303829123934
"HK","R18","2","New South Wales","Australia","Australasia / Pacific","Blueberries","Perennial fruit & forestry crops","Limiting Factors",2,"R18-2",3,0.6,0,"Australia",65058.3773146674,2.57169831894523,1.85783,59.4,670.612655136355,FALSE,-30.29705912,153.1123257,-25.7641815523079,134.303829123934
"HK","R18","2","New South Wales","Australia","Australasia / Pacific","Blueberries","Perennial fruit & forestry crops","Available Interventions",0,"R18-2",3,0.6,0,"Australia",65058.3773146674,2.57169831894523,1.85783,59.4,670.612655136355,FALSE,-30.29705912,153.1123257,-25.7641815523079,134.303829123934
"HK","R18","2","New South Wales","Australia","Australasia / Pacific","Blueberries","Perennial fruit & forestry crops","Monitoring Interventions",0,"R18-2",3,0.6,0,"Australia",65058.3773146674,2.57169831894523,1.85783,59.4,670.612655136355,FALSE,-30.29705912,153.1123257,-25.7641815523079,134.303829123934
"HK","R18","2","New South Wales","Australia","Australasia / Pacific","Blueberries","Perennial fruit & forestry crops","Breadth of Implementation
of Interventions",0,"R18-2",3,0.6,0,"Australia",65058.3773146674,2.57169831894523,1.85783,59.4,670.612655136355,FALSE,-30.29705912,153.1123257,-25.7641815523079,134.303829123934
"HR","R19","1","Alentejo","Portugal","Europe","Vineyard","Vineyard","Evidence",2,"R19-1",12,2.4,2.35215804504935,"Portugal",27634.6183139773,2.13721069426312,1.69491,62.74,89.0575630399789,FALSE,38.5714,-7.9135,39.6062103081133,-8.52813028125945
"HR","R19","1","Alentejo","Portugal","Europe","Vineyard","Vineyard","Representativeness",1,"R19-1",12,2.4,2.35215804504935,"Portugal",27634.6183139773,2.13721069426312,1.69491,62.74,89.0575630399789,FALSE,38.5714,-7.9135,39.6062103081133,-8.52813028125945
"HR","R19","1","Alentejo","Portugal","Europe","Vineyard","Vineyard","Limiting Factors",3,"R19-1",12,2.4,2.35215804504935,"Portugal",27634.6183139773,2.13721069426312,1.69491,62.74,89.0575630399789,FALSE,38.5714,-7.9135,39.6062103081133,-8.52813028125945
"HR","R19","1","Alentejo","Portugal","Europe","Vineyard","Vineyard","Available Interventions",2,"R19-1",12,2.4,2.35215804504935,"Portugal",27634.6183139773,2.13721069426312,1.69491,62.74,89.0575630399789,FALSE,38.5714,-7.9135,39.6062103081133,-8.52813028125945
"HR","R19","1","Alentejo","Portugal","Europe","Vineyard","Vineyard","Monitoring Interventions",2,"R19-1",12,2.4,2.35215804504935,"Portugal",27634.6183139773,2.13721069426312,1.69491,62.74,89.0575630399789,FALSE,38.5714,-7.9135,39.6062103081133,-8.52813028125945
"HR","R19","1","Alentejo","Portugal","Europe","Vineyard","Vineyard","Breadth of Implementation
of Interventions",3,"R19-1",12,2.4,2.35215804504935,"Portugal",27634.6183139773,2.13721069426312,1.69491,62.74,89.0575630399789,FALSE,38.5714,-7.9135,39.6062103081133,-8.52813028125945
"HR","R19","2","Central Portugal","Portugal","Europe","Pine","Perennial fruit & forestry crops","Evidence",2,"R19-2",9,1.8,1.64375182951723,"Portugal",27634.6183139773,2.13721069426312,1.69491,62.74,89.0575630399789,FALSE,40.5364,-7.2683,39.6062103081133,-8.52813028125945
"HR","R19","2","Central Portugal","Portugal","Europe","Pine","Perennial fruit & forestry crops","Representativeness",3,"R19-2",9,1.8,1.64375182951723,"Portugal",27634.6183139773,2.13721069426312,1.69491,62.74,89.0575630399789,FALSE,40.5364,-7.2683,39.6062103081133,-8.52813028125945
"HR","R19","2","Central Portugal","Portugal","Europe","Pine","Perennial fruit & forestry crops","Limiting Factors",3,"R19-2",9,1.8,1.64375182951723,"Portugal",27634.6183139773,2.13721069426312,1.69491,62.74,89.0575630399789,FALSE,40.5364,-7.2683,39.6062103081133,-8.52813028125945
"HR","R19","2","Central Portugal","Portugal","Europe","Pine","Perennial fruit & forestry crops","Available Interventions",1,"R19-2",9,1.8,1.64375182951723,"Portugal",27634.6183139773,2.13721069426312,1.69491,62.74,89.0575630399789,FALSE,40.5364,-7.2683,39.6062103081133,-8.52813028125945
"HR","R19","2","Central Portugal","Portugal","Europe","Pine","Perennial fruit & forestry crops","Monitoring Interventions",2,"R19-2",9,1.8,1.64375182951723,"Portugal",27634.6183139773,2.13721069426312,1.69491,62.74,89.0575630399789,FALSE,40.5364,-7.2683,39.6062103081133,-8.52813028125945
"HR","R19","2","Central Portugal","Portugal","Europe","Pine","Perennial fruit & forestry crops","Breadth of Implementation
of Interventions",1,"R19-2",9,1.8,1.64375182951723,"Portugal",27634.6183139773,2.13721069426312,1.69491,62.74,89.0575630399789,FALSE,40.5364,-7.2683,39.6062103081133,-8.52813028125945
"HW","R20","1","Multi-region: shandong province, shannxi province & yunnan province","China","East Asia","Apple","Perennial fruit & forestry crops","Evidence",3,"R20-1",7,1.4,0,"China",12951.1782397043,6.88951941080068,2.57729,33.88,7963.6834961115,FALSE,37.4638,121.4479,36.6914066934515,103.378049539793
"HW","R20","1","Multi-region: shandong province, shannxi province & yunnan province","China","East Asia","Apple","Perennial fruit & forestry crops","Representativeness",1,"R20-1",7,1.4,0,"China",12951.1782397043,6.88951941080068,2.57729,33.88,7963.6834961115,FALSE,37.4638,121.4479,36.6914066934515,103.378049539793
"HW","R20","1","Multi-region: shandong province, shannxi province & yunnan province","China","East Asia","Apple","Perennial fruit & forestry crops","Limiting Factors",2,"R20-1",7,1.4,0,"China",12951.1782397043,6.88951941080068,2.57729,33.88,7963.6834961115,FALSE,37.4638,121.4479,36.6914066934515,103.378049539793
"HW","R20","1","Multi-region: shandong province, shannxi province & yunnan province","China","East Asia","Apple","Perennial fruit & forestry crops","Available Interventions",1,"R20-1",7,1.4,0,"China",12951.1782397043,6.88951941080068,2.57729,33.88,7963.6834961115,FALSE,37.4638,121.4479,36.6914066934515,103.378049539793
"HW","R20","1","Multi-region: shandong province, shannxi province & yunnan province","China","East Asia","Apple","Perennial fruit & forestry crops","Monitoring Interventions",1,"R20-1",7,1.4,0,"China",12951.1782397043,6.88951941080068,2.57729,33.88,7963.6834961115,FALSE,37.4638,121.4479,36.6914066934515,103.378049539793
"HW","R20","1","Multi-region: shandong province, shannxi province & yunnan province","China","East Asia","Apple","Perennial fruit & forestry crops","Breadth of Implementation
of Interventions",0,"R20-1",7,1.4,0,"China",12951.1782397043,6.88951941080068,2.57729,33.88,7963.6834961115,FALSE,37.4638,121.4479,36.6914066934515,103.378049539793
"JM","R21","1","Auckland","New Zealand","Australasia / Pacific","Multi- crop & pasture","Pasture & mixed cropping","Evidence",2,"R21-1",3,0.6,0,"New Zealand",49302.341876493,4.00852725247614,1.54848,55.45,328.003365423407,FALSE,-38.6857,176.0702,-41.7023337271842,172.921343839925
"JM","R21","1","Auckland","New Zealand","Australasia / Pacific","Multi- crop & pasture","Pasture & mixed cropping","Representativeness",1,"R21-1",3,0.6,0,"New Zealand",49302.341876493,4.00852725247614,1.54848,55.45,328.003365423407,FALSE,-38.6857,176.0702,-41.7023337271842,172.921343839925
"JM","R21","1","Auckland","New Zealand","Australasia / Pacific","Multi- crop & pasture","Pasture & mixed cropping","Limiting Factors",1,"R21-1",3,0.6,0,"New Zealand",49302.341876493,4.00852725247614,1.54848,55.45,328.003365423407,FALSE,-38.6857,176.0702,-41.7023337271842,172.921343839925
"JM","R21","1","Auckland","New Zealand","Australasia / Pacific","Multi- crop & pasture","Pasture & mixed cropping","Available Interventions",0,"R21-1",3,0.6,0,"New Zealand",49302.341876493,4.00852725247614,1.54848,55.45,328.003365423407,FALSE,-38.6857,176.0702,-41.7023337271842,172.921343839925
"JM","R21","1","Auckland","New Zealand","Australasia / Pacific","Multi- crop & pasture","Pasture & mixed cropping","Monitoring Interventions",0,"R21-1",3,0.6,0,"New Zealand",49302.341876493,4.00852725247614,1.54848,55.45,328.003365423407,FALSE,-38.6857,176.0702,-41.7023337271842,172.921343839925
"JM","R21","1","Auckland","New Zealand","Australasia / Pacific","Multi- crop & pasture","Pasture & mixed cropping","Breadth of Implementation
of Interventions",0,"R21-1",3,0.6,0,"New Zealand",49302.341876493,4.00852725247614,1.54848,55.45,328.003365423407,FALSE,-38.6857,176.0702,-41.7023337271842,172.921343839925
"JF","R22","1","Bourgogne-Franche-Comté","France","Europe","Multi- crop & pasture","Pasture & mixed cropping","Evidence",1,"R22-1",7,1.4,1.31950791077289,"France",44700.1384177544,1.48475796304424,2.17832,69.82,1537.31777634499,FALSE,47.2378,6.0241,42.9551401765111,-6.67614112511506
"JF","R22","1","Bourgogne-Franche-Comté","France","Europe","Multi- crop & pasture","Pasture & mixed cropping","Representativeness",2,"R22-1",7,1.4,1.31950791077289,"France",44700.1384177544,1.48475796304424,2.17832,69.82,1537.31777634499,FALSE,47.2378,6.0241,42.9551401765111,-6.67614112511506
"JF","R22","1","Bourgogne-Franche-Comté","France","Europe","Multi- crop & pasture","Pasture & mixed cropping","Limiting Factors",2,"R22-1",7,1.4,1.31950791077289,"France",44700.1384177544,1.48475796304424,2.17832,69.82,1537.31777634499,FALSE,47.2378,6.0241,42.9551401765111,-6.67614112511506
"JF","R22","1","Bourgogne-Franche-Comté","France","Europe","Multi- crop & pasture","Pasture & mixed cropping","Available Interventions",1,"R22-1",7,1.4,1.31950791077289,"France",44700.1384177544,1.48475796304424,2.17832,69.82,1537.31777634499,FALSE,47.2378,6.0241,42.9551401765111,-6.67614112511506
"JF","R22","1","Bourgogne-Franche-Comté","France","Europe","Multi- crop & pasture","Pasture & mixed cropping","Monitoring Interventions",1,"R22-1",7,1.4,1.31950791077289,"France",44700.1384177544,1.48475796304424,2.17832,69.82,1537.31777634499,FALSE,47.2378,6.0241,42.9551401765111,-6.67614112511506
"JF","R22","1","Bourgogne-Franche-Comté","France","Europe","Multi- crop & pasture","Pasture & mixed cropping","Breadth of Implementation
of Interventions",2,"R22-1",7,1.4,1.31950791077289,"France",44700.1384177544,1.48475796304424,2.17832,69.82,1537.31777634499,FALSE,47.2378,6.0241,42.9551401765111,-6.67614112511506
"JF","R22","2","Multi-region: Occitanie & Nouvelle-Aquitaine","France","Europe","Vineyard","Vineyard","Evidence",3,"R22-2",11,2.2,2.1689435423954,"France",44700.1384177544,1.48475796304424,2.17832,69.82,1537.31777634499,FALSE,NA,NA,42.9551401765111,-6.67614112511506
"JF","R22","2","Multi-region: Occitanie & Nouvelle-Aquitaine","France","Europe","Vineyard","Vineyard","Representativeness",2,"R22-2",11,2.2,2.1689435423954,"France",44700.1384177544,1.48475796304424,2.17832,69.82,1537.31777634499,FALSE,NA,NA,42.9551401765111,-6.67614112511506
"JF","R22","2","Multi-region: Occitanie & Nouvelle-Aquitaine","France","Europe","Vineyard","Vineyard","Limiting Factors",2,"R22-2",11,2.2,2.1689435423954,"France",44700.1384177544,1.48475796304424,2.17832,69.82,1537.31777634499,FALSE,NA,NA,42.9551401765111,-6.67614112511506
"JF","R22","2","Multi-region: Occitanie & Nouvelle-Aquitaine","France","Europe","Vineyard","Vineyard","Available Interventions",2,"R22-2",11,2.2,2.1689435423954,"France",44700.1384177544,1.48475796304424,2.17832,69.82,1537.31777634499,FALSE,NA,NA,42.9551401765111,-6.67614112511506
"JF","R22","2","Multi-region: Occitanie & Nouvelle-Aquitaine","France","Europe","Vineyard","Vineyard","Monitoring Interventions",2,"R22-2",11,2.2,2.1689435423954,"France",44700.1384177544,1.48475796304424,2.17832,69.82,1537.31777634499,FALSE,NA,NA,42.9551401765111,-6.67614112511506
"JF","R22","2","Multi-region: Occitanie & Nouvelle-Aquitaine","France","Europe","Vineyard","Vineyard","Breadth of Implementation
of Interventions",2,"R22-2",11,2.2,2.1689435423954,"France",44700.1384177544,1.48475796304424,2.17832,69.82,1537.31777634499,FALSE,NA,NA,42.9551401765111,-6.67614112511506
"JF","R22","3","South West England","UK","Europe","Multi- crop & pasture","Pasture & mixed cropping","Evidence",2,"R22-3",11,2.2,2.04767251107922,"United Kingdom",49919.6896621586,0.648180849687737,2.67614,71.51,634.098457763344,FALSE,NA,NA,54.0116497461288,-2.75814205633043
"JF","R22","3","South West England","UK","Europe","Multi- crop & pasture","Pasture & mixed cropping","Representativeness",3,"R22-3",11,2.2,2.04767251107922,"United Kingdom",49919.6896621586,0.648180849687737,2.67614,71.51,634.098457763344,FALSE,NA,NA,54.0116497461288,-2.75814205633043
"JF","R22","3","South West England","UK","Europe","Multi- crop & pasture","Pasture & mixed cropping","Limiting Factors",3,"R22-3",11,2.2,2.04767251107922,"United Kingdom",49919.6896621586,0.648180849687737,2.67614,71.51,634.098457763344,FALSE,NA,NA,54.0116497461288,-2.75814205633043
"JF","R22","3","South West England","UK","Europe","Multi- crop & pasture","Pasture & mixed cropping","Available Interventions",3,"R22-3",11,2.2,2.04767251107922,"United Kingdom",49919.6896621586,0.648180849687737,2.67614,71.51,634.098457763344,FALSE,NA,NA,54.0116497461288,-2.75814205633043
"JF","R22","3","South West England","UK","Europe","Multi- crop & pasture","Pasture & mixed cropping","Monitoring Interventions",1,"R22-3",11,2.2,2.04767251107922,"United Kingdom",49919.6896621586,0.648180849687737,2.67614,71.51,634.098457763344,FALSE,NA,NA,54.0116497461288,-2.75814205633043
"JF","R22","3","South West England","UK","Europe","Multi- crop & pasture","Pasture & mixed cropping","Breadth of Implementation
of Interventions",2,"R22-3",11,2.2,2.04767251107922,"United Kingdom",49919.6896621586,0.648180849687737,2.67614,71.51,634.098457763344,FALSE,NA,NA,54.0116497461288,-2.75814205633043
"JL","R23","1","Hualien County","Taiwan","East Asia","Rice","Grain crops","Evidence",1,"R23-1",3,0.6,0,"Taiwan, China",12951.1782397043,6.88951941080068,2.57729,33.88,598.358884272946,TRUE,NA,NA,23.7502042082941,120.951465590186
"JL","R23","1","Hualien County","Taiwan","East Asia","Rice","Grain crops","Representativeness",1,"R23-1",3,0.6,0,"Taiwan, China",12951.1782397043,6.88951941080068,2.57729,33.88,598.358884272946,TRUE,NA,NA,23.7502042082941,120.951465590186
"JL","R23","1","Hualien County","Taiwan","East Asia","Rice","Grain crops","Limiting Factors",1,"R23-1",3,0.6,0,"Taiwan, China",12951.1782397043,6.88951941080068,2.57729,33.88,598.358884272946,TRUE,NA,NA,23.7502042082941,120.951465590186
"JL","R23","1","Hualien County","Taiwan","East Asia","Rice","Grain crops","Available Interventions",1,"R23-1",3,0.6,0,"Taiwan, China",12951.1782397043,6.88951941080068,2.57729,33.88,598.358884272946,TRUE,NA,NA,23.7502042082941,120.951465590186
"JL","R23","1","Hualien County","Taiwan","East Asia","Rice","Grain crops","Monitoring Interventions",0,"R23-1",3,0.6,0,"Taiwan, China",12951.1782397043,6.88951941080068,2.57729,33.88,598.358884272946,TRUE,NA,NA,23.7502042082941,120.951465590186
"JL","R23","1","Hualien County","Taiwan","East Asia","Rice","Grain crops","Breadth of Implementation
of Interventions",0,"R23-1",3,0.6,0,"Taiwan, China",12951.1782397043,6.88951941080068,2.57729,33.88,598.358884272946,TRUE,NA,NA,23.7502042082941,120.951465590186
"JH","R24","1","Alentejo","Portugal","Europe","Olive groves","Perennial fruit & forestry crops","Evidence",3,"R24-1",8,2.66666666666667,2.6207413942089,"Portugal",27634.6183139773,2.13721069426312,1.69491,62.74,89.0575630399789,FALSE,23.9871,121.6015,39.6062103081133,-8.52813028125945
"JH","R24","1","Alentejo","Portugal","Europe","Olive groves","Perennial fruit & forestry crops","Representativeness",3,"R24-1",8,2.66666666666667,2.6207413942089,"Portugal",27634.6183139773,2.13721069426312,1.69491,62.74,89.0575630399789,FALSE,23.9871,121.6015,39.6062103081133,-8.52813028125945
"JH","R24","1","Alentejo","Portugal","Europe","Olive groves","Perennial fruit & forestry crops","Limiting Factors",NA,"R24-1",8,2.66666666666667,2.6207413942089,"Portugal",27634.6183139773,2.13721069426312,1.69491,62.74,89.0575630399789,FALSE,23.9871,121.6015,39.6062103081133,-8.52813028125945
"JH","R24","1","Alentejo","Portugal","Europe","Olive groves","Perennial fruit & forestry crops","Available Interventions",3,"R24-1",8,2.66666666666667,2.6207413942089,"Portugal",27634.6183139773,2.13721069426312,1.69491,62.74,89.0575630399789,FALSE,23.9871,121.6015,39.6062103081133,-8.52813028125945
"JH","R24","1","Alentejo","Portugal","Europe","Olive groves","Perennial fruit & forestry crops","Monitoring Interventions",NA,"R24-1",8,2.66666666666667,2.6207413942089,"Portugal",27634.6183139773,2.13721069426312,1.69491,62.74,89.0575630399789,FALSE,23.9871,121.6015,39.6062103081133,-8.52813028125945
"JH","R24","1","Alentejo","Portugal","Europe","Olive groves","Perennial fruit & forestry crops","Breadth of Implementation
of Interventions",2,"R24-1",8,2.66666666666667,2.6207413942089,"Portugal",27634.6183139773,2.13721069426312,1.69491,62.74,89.0575630399789,FALSE,23.9871,121.6015,39.6062103081133,-8.52813028125945
"LA","R25","1","Tuscany","Italy","Europe","Olive groves","Perennial fruit & forestry crops","Evidence",2,"R25-1",6,1.2,0,"Italy",39279.699782164,1.8596431753596,1.37935,61.56,952.713803909769,FALSE,38.5714,-7.9135,42.7156861458039,12.2010485047317
"LA","R25","1","Tuscany","Italy","Europe","Olive groves","Perennial fruit & forestry crops","Representativeness",2,"R25-1",6,1.2,0,"Italy",39279.699782164,1.8596431753596,1.37935,61.56,952.713803909769,FALSE,38.5714,-7.9135,42.7156861458039,12.2010485047317
"LA","R25","1","Tuscany","Italy","Europe","Olive groves","Perennial fruit & forestry crops","Limiting Factors",3,"R25-1",6,1.2,0,"Italy",39279.699782164,1.8596431753596,1.37935,61.56,952.713803909769,FALSE,38.5714,-7.9135,42.7156861458039,12.2010485047317
"LA","R25","1","Tuscany","Italy","Europe","Olive groves","Perennial fruit & forestry crops","Available Interventions",1,"R25-1",6,1.2,0,"Italy",39279.699782164,1.8596431753596,1.37935,61.56,952.713803909769,FALSE,38.5714,-7.9135,42.7156861458039,12.2010485047317
"LA","R25","1","Tuscany","Italy","Europe","Olive groves","Perennial fruit & forestry crops","Monitoring Interventions",0,"R25-1",6,1.2,0,"Italy",39279.699782164,1.8596431753596,1.37935,61.56,952.713803909769,FALSE,38.5714,-7.9135,42.7156861458039,12.2010485047317
"LA","R25","1","Tuscany","Italy","Europe","Olive groves","Perennial fruit & forestry crops","Breadth of Implementation
of Interventions",0,"R25-1",6,1.2,0,"Italy",39279.699782164,1.8596431753596,1.37935,61.56,952.713803909769,FALSE,38.5714,-7.9135,42.7156861458039,12.2010485047317
"LA","R25","2","Lazio","Italy","Europe","Multi- grain & vegetable","Pasture & mixed cropping","Evidence",2,"R25-2",7,1.4,1.31950791077289,"Italy",39279.699782164,1.8596431753596,1.37935,61.56,952.713803909769,FALSE,NA,NA,42.7156861458039,12.2010485047317
"LA","R25","2","Lazio","Italy","Europe","Multi- grain & vegetable","Pasture & mixed cropping","Representativeness",2,"R25-2",7,1.4,1.31950791077289,"Italy",39279.699782164,1.8596431753596,1.37935,61.56,952.713803909769,FALSE,NA,NA,42.7156861458039,12.2010485047317
"LA","R25","2","Lazio","Italy","Europe","Multi- grain & vegetable","Pasture & mixed cropping","Limiting Factors",2,"R25-2",7,1.4,1.31950791077289,"Italy",39279.699782164,1.8596431753596,1.37935,61.56,952.713803909769,FALSE,NA,NA,42.7156861458039,12.2010485047317
"LA","R25","2","Lazio","Italy","Europe","Multi- grain & vegetable","Pasture & mixed cropping","Available Interventions",1,"R25-2",7,1.4,1.31950791077289,"Italy",39279.699782164,1.8596431753596,1.37935,61.56,952.713803909769,FALSE,NA,NA,42.7156861458039,12.2010485047317
"LA","R25","2","Lazio","Italy","Europe","Multi- grain & vegetable","Pasture & mixed cropping","Monitoring Interventions",1,"R25-2",7,1.4,1.31950791077289,"Italy",39279.699782164,1.8596431753596,1.37935,61.56,952.713803909769,FALSE,NA,NA,42.7156861458039,12.2010485047317
"LA","R25","2","Lazio","Italy","Europe","Multi- grain & vegetable","Pasture & mixed cropping","Breadth of Implementation
of Interventions",1,"R25-2",7,1.4,1.31950791077289,"Italy",39279.699782164,1.8596431753596,1.37935,61.56,952.713803909769,FALSE,NA,NA,42.7156861458039,12.2010485047317
"LS","R26","1","Yucatán","Mexico","Latin America / Caribbean","Multi- crop & pasture","Pasture & mixed cropping","Evidence",1,"R26-1",2,0.4,0,"Mexico",13830.843848864,3.84569758598285,0.26746,46.09,508.188663304649,FALSE,43.7696,11.2558,23.9241551848632,-102.170985323958
"LS","R26","1","Yucatán","Mexico","Latin America / Caribbean","Multi- crop & pasture","Pasture & mixed cropping","Representativeness",0,"R26-1",2,0.4,0,"Mexico",13830.843848864,3.84569758598285,0.26746,46.09,508.188663304649,FALSE,43.7696,11.2558,23.9241551848632,-102.170985323958
"LS","R26","1","Yucatán","Mexico","Latin America / Caribbean","Multi- crop & pasture","Pasture & mixed cropping","Limiting Factors",1,"R26-1",2,0.4,0,"Mexico",13830.843848864,3.84569758598285,0.26746,46.09,508.188663304649,FALSE,43.7696,11.2558,23.9241551848632,-102.170985323958
"LS","R26","1","Yucatán","Mexico","Latin America / Caribbean","Multi- crop & pasture","Pasture & mixed cropping","Available Interventions",0,"R26-1",2,0.4,0,"Mexico",13830.843848864,3.84569758598285,0.26746,46.09,508.188663304649,FALSE,43.7696,11.2558,23.9241551848632,-102.170985323958
"LS","R26","1","Yucatán","Mexico","Latin America / Caribbean","Multi- crop & pasture","Pasture & mixed cropping","Monitoring Interventions",0,"R26-1",2,0.4,0,"Mexico",13830.843848864,3.84569758598285,0.26746,46.09,508.188663304649,FALSE,43.7696,11.2558,23.9241551848632,-102.170985323958
"LS","R26","1","Yucatán","Mexico","Latin America / Caribbean","Multi- crop & pasture","Pasture & mixed cropping","Breadth of Implementation
of Interventions",0,"R26-1",2,0.4,0,"Mexico",13830.843848864,3.84569758598285,0.26746,46.09,508.188663304649,FALSE,43.7696,11.2558,23.9241551848632,-102.170985323958
"MC","R27","1","New South Wales","Australia","Australasia / Pacific","Cotton","Field crops","Evidence",2,"R27-1",5,1,0,"Australia",65058.3773146674,2.57169831894523,1.85783,59.4,670.612655136355,FALSE,20.9674,-89.5926,-25.7641815523079,134.303829123934
"MC","R27","1","New South Wales","Australia","Australasia / Pacific","Cotton","Field crops","Representativeness",2,"R27-1",5,1,0,"Australia",65058.3773146674,2.57169831894523,1.85783,59.4,670.612655136355,FALSE,20.9674,-89.5926,-25.7641815523079,134.303829123934
"MC","R27","1","New South Wales","Australia","Australasia / Pacific","Cotton","Field crops","Limiting Factors",1,"R27-1",5,1,0,"Australia",65058.3773146674,2.57169831894523,1.85783,59.4,670.612655136355,FALSE,20.9674,-89.5926,-25.7641815523079,134.303829123934
"MC","R27","1","New South Wales","Australia","Australasia / Pacific","Cotton","Field crops","Available Interventions",1,"R27-1",5,1,0,"Australia",65058.3773146674,2.57169831894523,1.85783,59.4,670.612655136355,FALSE,20.9674,-89.5926,-25.7641815523079,134.303829123934
"MC","R27","1","New South Wales","Australia","Australasia / Pacific","Cotton","Field crops","Monitoring Interventions",0,"R27-1",5,1,0,"Australia",65058.3773146674,2.57169831894523,1.85783,59.4,670.612655136355,FALSE,20.9674,-89.5926,-25.7641815523079,134.303829123934
"MC","R27","1","New South Wales","Australia","Australasia / Pacific","Cotton","Field crops","Breadth of Implementation
of Interventions",1,"R27-1",5,1,0,"Australia",65058.3773146674,2.57169831894523,1.85783,59.4,670.612655136355,FALSE,20.9674,-89.5926,-25.7641815523079,134.303829123934
"NR","R28","1","Zacatecas","Mexico","Latin America / Caribbean","Multi- crop","Pasture & mixed cropping","Evidence",1,"R28-1",9,1.8,1.74110112659225,"Mexico",13830.843848864,3.84569758598285,0.26746,46.09,508.188663304649,FALSE,-29.4658,149.8412,23.9241551848632,-102.170985323958
"NR","R28","1","Zacatecas","Mexico","Latin America / Caribbean","Multi- crop","Pasture & mixed cropping","Representativeness",0,"R28-1",9,1.8,1.74110112659225,"Mexico",13830.843848864,3.84569758598285,0.26746,46.09,508.188663304649,FALSE,-29.4658,149.8412,23.9241551848632,-102.170985323958
"NR","R28","1","Zacatecas","Mexico","Latin America / Caribbean","Multi- crop","Pasture & mixed cropping","Limiting Factors",2,"R28-1",9,1.8,1.74110112659225,"Mexico",13830.843848864,3.84569758598285,0.26746,46.09,508.188663304649,FALSE,-29.4658,149.8412,23.9241551848632,-102.170985323958
"NR","R28","1","Zacatecas","Mexico","Latin America / Caribbean","Multi- crop","Pasture & mixed cropping","Available Interventions",2,"R28-1",9,1.8,1.74110112659225,"Mexico",13830.843848864,3.84569758598285,0.26746,46.09,508.188663304649,FALSE,-29.4658,149.8412,23.9241551848632,-102.170985323958
"NR","R28","1","Zacatecas","Mexico","Latin America / Caribbean","Multi- crop","Pasture & mixed cropping","Monitoring Interventions",2,"R28-1",9,1.8,1.74110112659225,"Mexico",13830.843848864,3.84569758598285,0.26746,46.09,508.188663304649,FALSE,-29.4658,149.8412,23.9241551848632,-102.170985323958
"NR","R28","1","Zacatecas","Mexico","Latin America / Caribbean","Multi- crop","Pasture & mixed cropping","Breadth of Implementation
of Interventions",2,"R28-1",9,1.8,1.74110112659225,"Mexico",13830.843848864,3.84569758598285,0.26746,46.09,508.188663304649,FALSE,-29.4658,149.8412,23.9241551848632,-102.170985323958
"PT","R29","1","Multi-region: Limpopo & Free State","South Africa","Africa","Multi- fruit & orchard","Perennial fruit & forestry crops","Evidence",3,"R29-1",9,1.8,1.64375182951723,"South Africa",6034.27208964673,2.53517112309848,0.61479,37.6,243.487133597788,FALSE,22.7709,-102.5832,-28.9742085144411,25.1934382241476
"PT","R29","1","Multi-region: Limpopo & Free State","South Africa","Africa","Multi- fruit & orchard","Perennial fruit & forestry crops","Representativeness",2,"R29-1",9,1.8,1.64375182951723,"South Africa",6034.27208964673,2.53517112309848,0.61479,37.6,243.487133597788,FALSE,22.7709,-102.5832,-28.9742085144411,25.1934382241476
"PT","R29","1","Multi-region: Limpopo & Free State","South Africa","Africa","Multi- fruit & orchard","Perennial fruit & forestry crops","Limiting Factors",2,"R29-1",9,1.8,1.64375182951723,"South Africa",6034.27208964673,2.53517112309848,0.61479,37.6,243.487133597788,FALSE,22.7709,-102.5832,-28.9742085144411,25.1934382241476
"PT","R29","1","Multi-region: Limpopo & Free State","South Africa","Africa","Multi- fruit & orchard","Perennial fruit & forestry crops","Available Interventions",2,"R29-1",9,1.8,1.64375182951723,"South Africa",6034.27208964673,2.53517112309848,0.61479,37.6,243.487133597788,FALSE,22.7709,-102.5832,-28.9742085144411,25.1934382241476
"PT","R29","1","Multi-region: Limpopo & Free State","South Africa","Africa","Multi- fruit & orchard","Perennial fruit & forestry crops","Monitoring Interventions",1,"R29-1",9,1.8,1.64375182951723,"South Africa",6034.27208964673,2.53517112309848,0.61479,37.6,243.487133597788,FALSE,22.7709,-102.5832,-28.9742085144411,25.1934382241476
"PT","R29","1","Multi-region: Limpopo & Free State","South Africa","Africa","Multi- fruit & orchard","Perennial fruit & forestry crops","Breadth of Implementation
of Interventions",1,"R29-1",9,1.8,1.64375182951723,"South Africa",6034.27208964673,2.53517112309848,0.61479,37.6,243.487133597788,FALSE,22.7709,-102.5832,-28.9742085144411,25.1934382241476
"RD","R30","1","Queensland","Australia","Australasia / Pacific","Macadamia","Perennial fruit & forestry crops","Evidence",2,"R30-1",4,0.8,0,"Australia",65058.3773146674,2.57169831894523,1.85783,59.4,670.612655136355,FALSE,-22.9375,30.4844,-25.7641815523079,134.303829123934
"RD","R30","1","Queensland","Australia","Australasia / Pacific","Macadamia","Perennial fruit & forestry crops","Representativeness",1,"R30-1",4,0.8,0,"Australia",65058.3773146674,2.57169831894523,1.85783,59.4,670.612655136355,FALSE,-22.9375,30.4844,-25.7641815523079,134.303829123934
"RD","R30","1","Queensland","Australia","Australasia / Pacific","Macadamia","Perennial fruit & forestry crops","Limiting Factors",1,"R30-1",4,0.8,0,"Australia",65058.3773146674,2.57169831894523,1.85783,59.4,670.612655136355,FALSE,-22.9375,30.4844,-25.7641815523079,134.303829123934
"RD","R30","1","Queensland","Australia","Australasia / Pacific","Macadamia","Perennial fruit & forestry crops","Available Interventions",1,"R30-1",4,0.8,0,"Australia",65058.3773146674,2.57169831894523,1.85783,59.4,670.612655136355,FALSE,-22.9375,30.4844,-25.7641815523079,134.303829123934
"RD","R30","1","Queensland","Australia","Australasia / Pacific","Macadamia","Perennial fruit & forestry crops","Monitoring Interventions",0,"R30-1",4,0.8,0,"Australia",65058.3773146674,2.57169831894523,1.85783,59.4,670.612655136355,FALSE,-22.9375,30.4844,-25.7641815523079,134.303829123934
"RD","R30","1","Queensland","Australia","Australasia / Pacific","Macadamia","Perennial fruit & forestry crops","Breadth of Implementation
of Interventions",0,"R30-1",4,0.8,0,"Australia",65058.3773146674,2.57169831894523,1.85783,59.4,670.612655136355,FALSE,-22.9375,30.4844,-25.7641815523079,134.303829123934
"SZ","R31","1","Central-Transdanubian Region","Hungary","Europe","Vineyard","Vineyard","Evidence",3,"R31-1",10,2,1.782602457966,"Hungary",22208.6509820466,2.92753080419927,1.37748,54.78,87.9120872804346,FALSE,-26.8583,152.9588,47.1659125111368,19.3792677656756
"SZ","R31","1","Central-Transdanubian Region","Hungary","Europe","Vineyard","Vineyard","Representativeness",1,"R31-1",10,2,1.782602457966,"Hungary",22208.6509820466,2.92753080419927,1.37748,54.78,87.9120872804346,FALSE,-26.8583,152.9588,47.1659125111368,19.3792677656756
"SZ","R31","1","Central-Transdanubian Region","Hungary","Europe","Vineyard","Vineyard","Limiting Factors",3,"R31-1",10,2,1.782602457966,"Hungary",22208.6509820466,2.92753080419927,1.37748,54.78,87.9120872804346,FALSE,-26.8583,152.9588,47.1659125111368,19.3792677656756
"SZ","R31","1","Central-Transdanubian Region","Hungary","Europe","Vineyard","Vineyard","Available Interventions",2,"R31-1",10,2,1.782602457966,"Hungary",22208.6509820466,2.92753080419927,1.37748,54.78,87.9120872804346,FALSE,-26.8583,152.9588,47.1659125111368,19.3792677656756
"SZ","R31","1","Central-Transdanubian Region","Hungary","Europe","Vineyard","Vineyard","Monitoring Interventions",1,"R31-1",10,2,1.782602457966,"Hungary",22208.6509820466,2.92753080419927,1.37748,54.78,87.9120872804346,FALSE,-26.8583,152.9588,47.1659125111368,19.3792677656756
"SZ","R31","1","Central-Transdanubian Region","Hungary","Europe","Vineyard","Vineyard","Breadth of Implementation
of Interventions",1,"R31-1",10,2,1.782602457966,"Hungary",22208.6509820466,2.92753080419927,1.37748,54.78,87.9120872804346,FALSE,-26.8583,152.9588,47.1659125111368,19.3792677656756
"ST","R32","1","Vanua Levu","Fiji","Australasia / Pacific","Multi- crop","Pasture & mixed cropping","Evidence",3,"R32-1",5,1,0,"Fiji",5926.20586394763,12.8245910153207,NA,35.54,7.35270425185661,FALSE,46.7679,17.2437,-17.4275460095833,178.512028234471
"ST","R32","1","Vanua Levu","Fiji","Australasia / Pacific","Multi- crop","Pasture & mixed cropping","Representativeness",1,"R32-1",5,1,0,"Fiji",5926.20586394763,12.8245910153207,NA,35.54,7.35270425185661,FALSE,46.7679,17.2437,-17.4275460095833,178.512028234471
"ST","R32","1","Vanua Levu","Fiji","Australasia / Pacific","Multi- crop","Pasture & mixed cropping","Limiting Factors",1,"R32-1",5,1,0,"Fiji",5926.20586394763,12.8245910153207,NA,35.54,7.35270425185661,FALSE,46.7679,17.2437,-17.4275460095833,178.512028234471
"ST","R32","1","Vanua Levu","Fiji","Australasia / Pacific","Multi- crop","Pasture & mixed cropping","Available Interventions",1,"R32-1",5,1,0,"Fiji",5926.20586394763,12.8245910153207,NA,35.54,7.35270425185661,FALSE,46.7679,17.2437,-17.4275460095833,178.512028234471
"ST","R32","1","Vanua Levu","Fiji","Australasia / Pacific","Multi- crop","Pasture & mixed cropping","Monitoring Interventions",0,"R32-1",5,1,0,"Fiji",5926.20586394763,12.8245910153207,NA,35.54,7.35270425185661,FALSE,46.7679,17.2437,-17.4275460095833,178.512028234471
"ST","R32","1","Vanua Levu","Fiji","Australasia / Pacific","Multi- crop","Pasture & mixed cropping","Breadth of Implementation
of Interventions",0,"R32-1",5,1,0,"Fiji",5926.20586394763,12.8245910153207,NA,35.54,7.35270425185661,FALSE,46.7679,17.2437,-17.4275460095833,178.512028234471
"SP","R33","1","New South Wales","Australia","Australasia / Pacific","Multi- crop","Pasture & mixed cropping","Evidence",3,"R33-1",6,1.2,0,"Australia",65058.3773146674,2.57169831894523,1.85783,59.4,670.612655136355,FALSE,-16.4333,179.3667,-25.7641815523079,134.303829123934
"SP","R33","1","New South Wales","Australia","Australasia / Pacific","Multi- crop","Pasture & mixed cropping","Representativeness",2,"R33-1",6,1.2,0,"Australia",65058.3773146674,2.57169831894523,1.85783,59.4,670.612655136355,FALSE,-16.4333,179.3667,-25.7641815523079,134.303829123934
"SP","R33","1","New South Wales","Australia","Australasia / Pacific","Multi- crop","Pasture & mixed cropping","Limiting Factors",1,"R33-1",6,1.2,0,"Australia",65058.3773146674,2.57169831894523,1.85783,59.4,670.612655136355,FALSE,-16.4333,179.3667,-25.7641815523079,134.303829123934
"SP","R33","1","New South Wales","Australia","Australasia / Pacific","Multi- crop","Pasture & mixed cropping","Available Interventions",1,"R33-1",6,1.2,0,"Australia",65058.3773146674,2.57169831894523,1.85783,59.4,670.612655136355,FALSE,-16.4333,179.3667,-25.7641815523079,134.303829123934
"SP","R33","1","New South Wales","Australia","Australasia / Pacific","Multi- crop","Pasture & mixed cropping","Monitoring Interventions",0,"R33-1",6,1.2,0,"Australia",65058.3773146674,2.57169831894523,1.85783,59.4,670.612655136355,FALSE,-16.4333,179.3667,-25.7641815523079,134.303829123934
"SP","R33","1","New South Wales","Australia","Australasia / Pacific","Multi- crop","Pasture & mixed cropping","Breadth of Implementation
of Interventions",1,"R33-1",6,1.2,0,"Australia",65058.3773146674,2.57169831894523,1.85783,59.4,670.612655136355,FALSE,-16.4333,179.3667,-25.7641815523079,134.303829123934
"TT","R34","1","Central Sulawesi","Indonesia","South / Southeast Asia","Agroforestry cacao","Agroforestry cacao","Evidence",3,"R34-1",8,1.6,1.43096908110526,"Indonesia",4876.2992959843,12.5294431866213,0.28068,26.24,632.633100360358,FALSE,-29.4658,149.8412,-2.26406781358278,117.179729805139
"TT","R34","1","Central Sulawesi","Indonesia","South / Southeast Asia","Agroforestry cacao","Agroforestry cacao","Representativeness",1,"R34-1",8,1.6,1.43096908110526,"Indonesia",4876.2992959843,12.5294431866213,0.28068,26.24,632.633100360358,FALSE,-29.4658,149.8412,-2.26406781358278,117.179729805139
"TT","R34","1","Central Sulawesi","Indonesia","South / Southeast Asia","Agroforestry cacao","Agroforestry cacao","Limiting Factors",2,"R34-1",8,1.6,1.43096908110526,"Indonesia",4876.2992959843,12.5294431866213,0.28068,26.24,632.633100360358,FALSE,-29.4658,149.8412,-2.26406781358278,117.179729805139
"TT","R34","1","Central Sulawesi","Indonesia","South / Southeast Asia","Agroforestry cacao","Agroforestry cacao","Available Interventions",1,"R34-1",8,1.6,1.43096908110526,"Indonesia",4876.2992959843,12.5294431866213,0.28068,26.24,632.633100360358,FALSE,-29.4658,149.8412,-2.26406781358278,117.179729805139
"TT","R34","1","Central Sulawesi","Indonesia","South / Southeast Asia","Agroforestry cacao","Agroforestry cacao","Monitoring Interventions",1,"R34-1",8,1.6,1.43096908110526,"Indonesia",4876.2992959843,12.5294431866213,0.28068,26.24,632.633100360358,FALSE,-29.4658,149.8412,-2.26406781358278,117.179729805139
"TT","R34","1","Central Sulawesi","Indonesia","South / Southeast Asia","Agroforestry cacao","Agroforestry cacao","Breadth of Implementation
of Interventions",1,"R34-1",8,1.6,1.43096908110526,"Indonesia",4876.2992959843,12.5294431866213,0.28068,26.24,632.633100360358,FALSE,-29.4658,149.8412,-2.26406781358278,117.179729805139
"TT","R34","2","Piura","Peru","Latin America / Caribbean","Agroforestry cacao","Agroforestry cacao","Evidence",3,"R34-2",9,1.8,1.64375182951723,"Peru",7919.04634828547,7.22315955429279,0.17611,41.01,93.727296106182,FALSE,NA,NA,-9.10714962725944,-74.420741589475
"TT","R34","2","Piura","Peru","Latin America / Caribbean","Agroforestry cacao","Agroforestry cacao","Representativeness",1,"R34-2",9,1.8,1.64375182951723,"Peru",7919.04634828547,7.22315955429279,0.17611,41.01,93.727296106182,FALSE,NA,NA,-9.10714962725944,-74.420741589475
"TT","R34","2","Piura","Peru","Latin America / Caribbean","Agroforestry cacao","Agroforestry cacao","Limiting Factors",2,"R34-2",9,1.8,1.64375182951723,"Peru",7919.04634828547,7.22315955429279,0.17611,41.01,93.727296106182,FALSE,NA,NA,-9.10714962725944,-74.420741589475
"TT","R34","2","Piura","Peru","Latin America / Caribbean","Agroforestry cacao","Agroforestry cacao","Available Interventions",2,"R34-2",9,1.8,1.64375182951723,"Peru",7919.04634828547,7.22315955429279,0.17611,41.01,93.727296106182,FALSE,NA,NA,-9.10714962725944,-74.420741589475
"TT","R34","2","Piura","Peru","Latin America / Caribbean","Agroforestry cacao","Agroforestry cacao","Monitoring Interventions",1,"R34-2",9,1.8,1.64375182951723,"Peru",7919.04634828547,7.22315955429279,0.17611,41.01,93.727296106182,FALSE,NA,NA,-9.10714962725944,-74.420741589475
"TT","R34","2","Piura","Peru","Latin America / Caribbean","Agroforestry cacao","Agroforestry cacao","Breadth of Implementation
of Interventions",1,"R34-2",9,1.8,1.64375182951723,"Peru",7919.04634828547,7.22315955429279,0.17611,41.01,93.727296106182,FALSE,NA,NA,-9.10714962725944,-74.420741589475
"TT","R34","3","Limpopo","South Africa","Africa","Macadamia","Perennial fruit & forestry crops","Evidence",3,"R34-3",9,1.8,1.64375182951723,"South Africa",6034.27208964673,2.53517112309848,0.61479,37.6,243.487133597788,FALSE,NA,NA,-28.9742085144411,25.1934382241476
"TT","R34","3","Limpopo","South Africa","Africa","Macadamia","Perennial fruit & forestry crops","Representativeness",2,"R34-3",9,1.8,1.64375182951723,"South Africa",6034.27208964673,2.53517112309848,0.61479,37.6,243.487133597788,FALSE,NA,NA,-28.9742085144411,25.1934382241476
"TT","R34","3","Limpopo","South Africa","Africa","Macadamia","Perennial fruit & forestry crops","Limiting Factors",2,"R34-3",9,1.8,1.64375182951723,"South Africa",6034.27208964673,2.53517112309848,0.61479,37.6,243.487133597788,FALSE,NA,NA,-28.9742085144411,25.1934382241476
"TT","R34","3","Limpopo","South Africa","Africa","Macadamia","Perennial fruit & forestry crops","Available Interventions",2,"R34-3",9,1.8,1.64375182951723,"South Africa",6034.27208964673,2.53517112309848,0.61479,37.6,243.487133597788,FALSE,NA,NA,-28.9742085144411,25.1934382241476
"TT","R34","3","Limpopo","South Africa","Africa","Macadamia","Perennial fruit & forestry crops","Monitoring Interventions",1,"R34-3",9,1.8,1.64375182951723,"South Africa",6034.27208964673,2.53517112309848,0.61479,37.6,243.487133597788,FALSE,NA,NA,-28.9742085144411,25.1934382241476
"TT","R34","3","Limpopo","South Africa","Africa","Macadamia","Perennial fruit & forestry crops","Breadth of Implementation
of Interventions",1,"R34-3",9,1.8,1.64375182951723,"South Africa",6034.27208964673,2.53517112309848,0.61479,37.6,243.487133597788,FALSE,NA,NA,-28.9742085144411,25.1934382241476
"TJ","R35","1","Multi-region: Jilin province, yunnan province, henan province, shandong provinc & shanxi province","China","East Asia","Multi- crop","Pasture & mixed cropping","Evidence",2,"R35-1",6,1.2,0,"China",12951.1782397043,6.88951941080068,2.57729,33.88,7963.6834961115,FALSE,-0.8917,119.8707,36.6914066934515,103.378049539793
"TJ","R35","1","Multi-region: Jilin province, yunnan province, henan province, shandong provinc & shanxi province","China","East Asia","Multi- crop","Pasture & mixed cropping","Representativeness",3,"R35-1",6,1.2,0,"China",12951.1782397043,6.88951941080068,2.57729,33.88,7963.6834961115,FALSE,-0.8917,119.8707,36.6914066934515,103.378049539793
"TJ","R35","1","Multi-region: Jilin province, yunnan province, henan province, shandong provinc & shanxi province","China","East Asia","Multi- crop","Pasture & mixed cropping","Limiting Factors",2,"R35-1",6,1.2,0,"China",12951.1782397043,6.88951941080068,2.57729,33.88,7963.6834961115,FALSE,-0.8917,119.8707,36.6914066934515,103.378049539793
"TJ","R35","1","Multi-region: Jilin province, yunnan province, henan province, shandong provinc & shanxi province","China","East Asia","Multi- crop","Pasture & mixed cropping","Available Interventions",1,"R35-1",6,1.2,0,"China",12951.1782397043,6.88951941080068,2.57729,33.88,7963.6834961115,FALSE,-0.8917,119.8707,36.6914066934515,103.378049539793
"TJ","R35","1","Multi-region: Jilin province, yunnan province, henan province, shandong provinc & shanxi province","China","East Asia","Multi- crop","Pasture & mixed cropping","Monitoring Interventions",1,"R35-1",6,1.2,0,"China",12951.1782397043,6.88951941080068,2.57729,33.88,7963.6834961115,FALSE,-0.8917,119.8707,36.6914066934515,103.378049539793
"TJ","R35","1","Multi-region: Jilin province, yunnan province, henan province, shandong provinc & shanxi province","China","East Asia","Multi- crop","Pasture & mixed cropping","Breadth of Implementation
of Interventions",0,"R35-1",6,1.2,0,"China",12951.1782397043,6.88951941080068,2.57729,33.88,7963.6834961115,FALSE,-0.8917,119.8707,36.6914066934515,103.378049539793
"XP","R36","1","Catalonia","Spain","Europe","Olive groves","Perennial fruit & forestry crops","Evidence",2,"R36-1",6,1.2,1.14869835499704,"Spain",33493.2225409111,2.6062235563618,1.49362,66.28,634.407802466939,FALSE,34.7466,113.6254,40.2076539840155,-3.70353625253203
"XP","R36","1","Catalonia","Spain","Europe","Olive groves","Perennial fruit & forestry crops","Representativeness",1,"R36-1",6,1.2,1.14869835499704,"Spain",33493.2225409111,2.6062235563618,1.49362,66.28,634.407802466939,FALSE,34.7466,113.6254,40.2076539840155,-3.70353625253203
"XP","R36","1","Catalonia","Spain","Europe","Olive groves","Perennial fruit & forestry crops","Limiting Factors",1,"R36-1",6,1.2,1.14869835499704,"Spain",33493.2225409111,2.6062235563618,1.49362,66.28,634.407802466939,FALSE,34.7466,113.6254,40.2076539840155,-3.70353625253203
"XP","R36","1","Catalonia","Spain","Europe","Olive groves","Perennial fruit & forestry crops","Available Interventions",1,"R36-1",6,1.2,1.14869835499704,"Spain",33493.2225409111,2.6062235563618,1.49362,66.28,634.407802466939,FALSE,34.7466,113.6254,40.2076539840155,-3.70353625253203
"XP","R36","1","Catalonia","Spain","Europe","Olive groves","Perennial fruit & forestry crops","Monitoring Interventions",1,"R36-1",6,1.2,1.14869835499704,"Spain",33493.2225409111,2.6062235563618,1.49362,66.28,634.407802466939,FALSE,34.7466,113.6254,40.2076539840155,-3.70353625253203
"XP","R36","1","Catalonia","Spain","Europe","Olive groves","Perennial fruit & forestry crops","Breadth of Implementation
of Interventions",1,"R36-1",6,1.2,1.14869835499704,"Spain",33493.2225409111,2.6062235563618,1.49362,66.28,634.407802466939,FALSE,34.7466,113.6254,40.2076539840155,-3.70353625253203
"XP","R36","2","Catalonia","Spain","Europe","Rice","Grain crops","Evidence",2,"R36-2",8,1.6,1.43096908110526,"Spain",33493.2225409111,2.6062235563618,1.49362,66.28,634.407802466939,FALSE,NA,NA,40.2076539840155,-3.70353625253203
"XP","R36","2","Catalonia","Spain","Europe","Rice","Grain crops","Representativeness",1,"R36-2",8,1.6,1.43096908110526,"Spain",33493.2225409111,2.6062235563618,1.49362,66.28,634.407802466939,FALSE,NA,NA,40.2076539840155,-3.70353625253203
"XP","R36","2","Catalonia","Spain","Europe","Rice","Grain crops","Limiting Factors",1,"R36-2",8,1.6,1.43096908110526,"Spain",33493.2225409111,2.6062235563618,1.49362,66.28,634.407802466939,FALSE,NA,NA,40.2076539840155,-3.70353625253203
"XP","R36","2","Catalonia","Spain","Europe","Rice","Grain crops","Available Interventions",1,"R36-2",8,1.6,1.43096908110526,"Spain",33493.2225409111,2.6062235563618,1.49362,66.28,634.407802466939,FALSE,NA,NA,40.2076539840155,-3.70353625253203
"XP","R36","2","Catalonia","Spain","Europe","Rice","Grain crops","Monitoring Interventions",1,"R36-2",8,1.6,1.43096908110526,"Spain",33493.2225409111,2.6062235563618,1.49362,66.28,634.407802466939,FALSE,NA,NA,40.2076539840155,-3.70353625253203
"XP","R36","2","Catalonia","Spain","Europe","Rice","Grain crops","Breadth of Implementation
of Interventions",3,"R36-2",8,1.6,1.43096908110526,"Spain",33493.2225409111,2.6062235563618,1.49362,66.28,634.407802466939,FALSE,NA,NA,40.2076539840155,-3.70353625253203
"XP","R36","3","Catalonia","Spain","Europe","Vineyard","Vineyard","Evidence",3,"R36-3",8,1.6,0,"Spain",33493.2225409111,2.6062235563618,1.49362,66.28,634.407802466939,FALSE,NA,NA,40.2076539840155,-3.70353625253203
"XP","R36","3","Catalonia","Spain","Europe","Vineyard","Vineyard","Representativeness",1,"R36-3",8,1.6,0,"Spain",33493.2225409111,2.6062235563618,1.49362,66.28,634.407802466939,FALSE,NA,NA,40.2076539840155,-3.70353625253203
"XP","R36","3","Catalonia","Spain","Europe","Vineyard","Vineyard","Limiting Factors",0,"R36-3",8,1.6,0,"Spain",33493.2225409111,2.6062235563618,1.49362,66.28,634.407802466939,FALSE,NA,NA,40.2076539840155,-3.70353625253203
"XP","R36","3","Catalonia","Spain","Europe","Vineyard","Vineyard","Available Interventions",1,"R36-3",8,1.6,0,"Spain",33493.2225409111,2.6062235563618,1.49362,66.28,634.407802466939,FALSE,NA,NA,40.2076539840155,-3.70353625253203
"XP","R36","3","Catalonia","Spain","Europe","Vineyard","Vineyard","Monitoring Interventions",2,"R36-3",8,1.6,0,"Spain",33493.2225409111,2.6062235563618,1.49362,66.28,634.407802466939,FALSE,NA,NA,40.2076539840155,-3.70353625253203
"XP","R36","3","Catalonia","Spain","Europe","Vineyard","Vineyard","Breadth of Implementation
of Interventions",2,"R36-3",8,1.6,0,"Spain",33493.2225409111,2.6062235563618,1.49362,66.28,634.407802466939,FALSE,NA,NA,40.2076539840155,-3.70353625253203
"ZC & HK","R37","1","Multi-region: New South Wales & Victoria","Australia","Australasia / Pacific","Vineyard","Vineyard","Evidence",2,"R37-1",6,1.2,0,"Australia",65058.3773146674,2.57169831894523,1.85783,59.4,670.612655136355,FALSE,41.3851,2.1734,-25.7641815523079,134.303829123934
"ZC & HK","R37","1","Multi-region: New South Wales & Victoria","Australia","Australasia / Pacific","Vineyard","Vineyard","Representativeness",1,"R37-1",6,1.2,0,"Australia",65058.3773146674,2.57169831894523,1.85783,59.4,670.612655136355,FALSE,41.3851,2.1734,-25.7641815523079,134.303829123934
"ZC & HK","R37","1","Multi-region: New South Wales & Victoria","Australia","Australasia / Pacific","Vineyard","Vineyard","Limiting Factors",2,"R37-1",6,1.2,0,"Australia",65058.3773146674,2.57169831894523,1.85783,59.4,670.612655136355,FALSE,41.3851,2.1734,-25.7641815523079,134.303829123934
"ZC & HK","R37","1","Multi-region: New South Wales & Victoria","Australia","Australasia / Pacific","Vineyard","Vineyard","Available Interventions",1,"R37-1",6,1.2,0,"Australia",65058.3773146674,2.57169831894523,1.85783,59.4,670.612655136355,FALSE,41.3851,2.1734,-25.7641815523079,134.303829123934
"ZC & HK","R37","1","Multi-region: New South Wales & Victoria","Australia","Australasia / Pacific","Vineyard","Vineyard","Monitoring Interventions",0,"R37-1",6,1.2,0,"Australia",65058.3773146674,2.57169831894523,1.85783,59.4,670.612655136355,FALSE,41.3851,2.1734,-25.7641815523079,134.303829123934
"ZC & HK","R37","1","Multi-region: New South Wales & Victoria","Australia","Australasia / Pacific","Vineyard","Vineyard","Breadth of Implementation
of Interventions",1,"R37-1",6,1.2,0,"Australia",65058.3773146674,2.57169831894523,1.85783,59.4,670.612655136355,FALSE,41.3851,2.1734,-25.7641815523079,134.303829123934
"HT","R38",NA,NA,NA,NA,NA,NA,"Evidence",NA,"R38-NA",0,NA,NA,NA,NA,NA,NA,NA,NA,NA,NA,NA,NA,NA
"HT","R38",NA,NA,NA,NA,NA,NA,"Representativeness",NA,"R38-NA",0,NA,NA,NA,NA,NA,NA,NA,NA,NA,NA,NA,NA,NA
"HT","R38",NA,NA,NA,NA,NA,NA,"Limiting Factors",NA,"R38-NA",0,NA,NA,NA,NA,NA,NA,NA,NA,NA,NA,NA,NA,NA
"HT","R38",NA,NA,NA,NA,NA,NA,"Available Interventions",NA,"R38-NA",0,NA,NA,NA,NA,NA,NA,NA,NA,NA,NA,NA,NA,NA
"HT","R38",NA,NA,NA,NA,NA,NA,"Monitoring Interventions",NA,"R38-NA",0,NA,NA,NA,NA,NA,NA,NA,NA,NA,NA,NA,NA,NA
"HT","R38",NA,NA,NA,NA,NA,NA,"Breadth of Implementation
of Interventions",NA,"R38-NA",0,NA,NA,NA,NA,NA,NA,NA,NA,NA,NA,NA,NA,NA
"YL","R39",NA,NA,NA,NA,NA,NA,"Evidence",NA,"R39-NA",0,NA,NA,NA,NA,NA,NA,NA,NA,NA,NA,NA,NA,NA
"YL","R39",NA,NA,NA,NA,NA,NA,"Representativeness",NA,"R39-NA",0,NA,NA,NA,NA,NA,NA,NA,NA,NA,NA,NA,NA,NA
"YL","R39",NA,NA,NA,NA,NA,NA,"Limiting Factors",NA,"R39-NA",0,NA,NA,NA,NA,NA,NA,NA,NA,NA,NA,NA,NA,NA
"YL","R39",NA,NA,NA,NA,NA,NA,"Available Interventions",NA,"R39-NA",0,NA,NA,NA,NA,NA,NA,NA,NA,NA,NA,NA,NA,NA
"YL","R39",NA,NA,NA,NA,NA,NA,"Monitoring Interventions",NA,"R39-NA",0,NA,NA,NA,NA,NA,NA,NA,NA,NA,NA,NA,NA,NA
"YL","R39",NA,NA,NA,NA,NA,NA,"Breadth of Implementation
of Interventions",NA,"R39-NA",0,NA,NA,NA,NA,NA,NA,NA,NA,NA,NA,NA,NA,NA
"BM","R6",NA,NA,NA,NA,NA,NA,"Evidence",NA,"R6-NA",0,NA,NA,NA,NA,NA,NA,NA,NA,NA,NA,NA,NA,NA
"BM","R6",NA,NA,NA,NA,NA,NA,"Representativeness",NA,"R6-NA",0,NA,NA,NA,NA,NA,NA,NA,NA,NA,NA,NA,NA,NA
"BM","R6",NA,NA,NA,NA,NA,NA,"Limiting Factors",NA,"R6-NA",0,NA,NA,NA,NA,NA,NA,NA,NA,NA,NA,NA,NA,NA
"BM","R6",NA,NA,NA,NA,NA,NA,"Available Interventions",NA,"R6-NA",0,NA,NA,NA,NA,NA,NA,NA,NA,NA,NA,NA,NA,NA
"BM","R6",NA,NA,NA,NA,NA,NA,"Monitoring Interventions",NA,"R6-NA",0,NA,NA,NA,NA,NA,NA,NA,NA,NA,NA,NA,NA,NA
"BM","R6",NA,NA,NA,NA,NA,NA,"Breadth of Implementation
of Interventions",NA,"R6-NA",0,NA,NA,NA,NA,NA,NA,NA,NA,NA,NA,NA,NA,NA
"O","R40",NA,NA,NA,NA,NA,NA,"Evidence",NA,"R40-NA",0,NA,NA,NA,NA,NA,NA,NA,NA,NA,NA,NA,NA,NA
"O","R40",NA,NA,NA,NA,NA,NA,"Representativeness",NA,"R40-NA",0,NA,NA,NA,NA,NA,NA,NA,NA,NA,NA,NA,NA,NA
"O","R40",NA,NA,NA,NA,NA,NA,"Limiting Factors",NA,"R40-NA",0,NA,NA,NA,NA,NA,NA,NA,NA,NA,NA,NA,NA,NA
"O","R40",NA,NA,NA,NA,NA,NA,"Available Interventions",NA,"R40-NA",0,NA,NA,NA,NA,NA,NA,NA,NA,NA,NA,NA,NA,NA
"O","R40",NA,NA,NA,NA,NA,NA,"Monitoring Interventions",NA,"R40-NA",0,NA,NA,NA,NA,NA,NA,NA,NA,NA,NA,NA,NA,NA
"O","R40",NA,NA,NA,NA,NA,NA,"Breadth of Implementation
of Interventions",NA,"R40-NA",0,NA,NA,NA,NA,NA,NA,NA,NA,NA,NA,NA,NA,NA
"KR","R41",NA,NA,NA,NA,NA,NA,"Evidence",NA,"R41-NA",0,NA,NA,NA,NA,NA,NA,NA,NA,NA,NA,NA,NA,NA
"KR","R41",NA,NA,NA,NA,NA,NA,"Representativeness",NA,"R41-NA",0,NA,NA,NA,NA,NA,NA,NA,NA,NA,NA,NA,NA,NA
"KR","R41",NA,NA,NA,NA,NA,NA,"Limiting Factors",NA,"R41-NA",0,NA,NA,NA,NA,NA,NA,NA,NA,NA,NA,NA,NA,NA
"KR","R41",NA,NA,NA,NA,NA,NA,"Available Interventions",NA,"R41-NA",0,NA,NA,NA,NA,NA,NA,NA,NA,NA,NA,NA,NA,NA
"KR","R41",NA,NA,NA,NA,NA,NA,"Monitoring Interventions",NA,"R41-NA",0,NA,NA,NA,NA,NA,NA,NA,NA,NA,NA,NA,NA,NA
"KR","R41",NA,NA,NA,NA,NA,NA,"Breadth of Implementation
of Interventions",NA,"R41-NA",0,NA,NA,NA,NA,NA,NA,NA,NA,NA,NA,NA,NA,NA
